index,checking_status,duration,credit_history,purpose,credit_amount,savings_status,employment,installment_commitment,sex,status_matrimonial,other_parties,residence_since,property_magnitude,age,other_payment_plans,housing,existing_credits,job,num_dependents,own_telephone,foreign_worker,class
942,0,18,critical,devices,1169,none,4,4,male,single,none,3,life insurance,29,none,own,2,skilled,1,yes,yes,good
202,0,9,existing paid,accessory,1980,little,0,2,female,other,co applicant,2,car,19,none,rent,2,skilled,1,none,yes,bad
141,100,12,existing paid,accessory,3017,little,0,3,female,other,none,1,real estate,34,none,rent,1,high qualif,1,none,yes,good
66,0,24,existing paid,car,915,none,8,4,female,other,none,2,car,29,bank,own,1,skilled,1,none,yes,bad
370,100,14,existing paid,business,1410,rich,8,1,male,widow,none,2,real estate,35,none,own,1,skilled,1,yes,yes,good
438,0,24,existing paid,car,1249,little,0,4,male,widow,none,2,real estate,28,none,own,1,skilled,1,none,yes,good
939,0,15,critical,devices,1829,little,8,4,male,single,none,4,car,46,none,own,2,skilled,1,yes,yes,good
675,0,24,critical,car,2197,none,7,4,male,single,none,4,car,43,none,own,2,skilled,2,yes,yes,good
710,0,9,existing paid,car,654,little,4,4,male,single,none,3,car,28,none,own,1,unskilled,1,none,yes,bad
738,0,6,existing paid,car,1203,moderate,8,3,male,single,none,2,life insurance,43,none,own,1,skilled,1,yes,yes,good
651,0,12,critical,devices,2331,none,8,1,male,single,co applicant,4,real estate,49,none,own,1,skilled,1,yes,yes,good
909,0,18,existing paid,accessory,3422,little,8,4,male,single,none,4,life insurance,47,bank,own,3,skilled,2,yes,yes,good
845,100,60,existing paid,car,14027,little,7,4,male,single,none,2,no known property,27,none,own,1,high qualif,1,yes,yes,bad
456,0,36,existing paid,education,9055,none,4,2,male,single,none,4,no known property,35,none,for free,1,unskilled,2,yes,yes,good
799,0,15,existing paid,education,4623,moderate,4,3,male,single,none,2,life insurance,40,none,own,1,high qualif,1,yes,yes,bad
491,100,48,no credits/all paid,business,14421,little,4,2,male,single,none,2,car,25,none,own,1,skilled,1,yes,yes,bad
146,100,12,critical,devices,3573,little,4,1,female,other,none,1,real estate,23,none,own,1,unskilled,1,none,yes,good
852,0,24,existing paid,devices,1987,little,4,2,male,single,none,4,real estate,21,none,rent,1,unskilled,2,none,yes,bad
474,0,48,critical,education,6110,little,4,1,male,single,none,3,no known property,31,bank,for free,1,skilled,1,yes,yes,good
606,100,15,existing paid,devices,802,little,8,4,male,single,none,3,car,37,none,own,1,skilled,2,none,yes,bad
290,0,18,critical,accessory,1049,little,0,4,female,other,none,4,life insurance,21,none,rent,1,skilled,1,none,yes,good
671,100,39,delayed previously,education,11760,moderate,7,2,male,single,none,3,no known property,32,none,rent,1,skilled,1,yes,yes,good
887,0,18,existing paid,car,7511,none,8,1,male,single,none,4,life insurance,51,none,for free,1,skilled,2,yes,yes,bad
489,100,15,critical,devices,1537,none,8,4,male,single,guarantor,4,real estate,50,none,own,2,skilled,1,yes,yes,good
548,0,6,existing paid,accessory,2978,rich,4,1,male,single,none,2,car,32,none,own,1,skilled,1,yes,yes,good
395,0,18,existing paid,devices,1473,little,0,3,male,widow,none,4,real estate,39,none,own,1,skilled,1,yes,yes,good
408,0,24,existing paid,devices,1413,little,4,4,male,widow,none,2,life insurance,28,none,own,1,skilled,1,none,yes,good
414,0,24,existing paid,retraining,937,little,0,4,male,widow,none,3,car,27,none,own,2,unskilled,1,none,yes,good
681,100,12,existing paid,car,2028,none,4,4,male,single,none,2,car,30,none,own,1,skilled,1,none,yes,good
41,0,12,critical,devices,1240,none,8,4,female,other,none,2,real estate,38,none,own,2,skilled,1,yes,yes,good
155,0,36,critical,accessory,7127,little,0,2,female,other,none,4,life insurance,23,none,rent,2,skilled,1,yes,yes,bad
306,300,21,existing paid,car,2923,moderate,4,1,female,other,none,1,car,28,bank,own,1,high qualif,1,yes,yes,good
291,100,9,existing paid,devices,1670,little,0,4,female,other,none,2,car,22,none,own,1,skilled,1,yes,yes,bad
251,100,12,existing paid,car,836,moderate,0,4,female,other,none,2,life insurance,23,bank,own,1,unskilled,1,none,yes,bad
762,100,36,existing paid,car,12389,none,4,1,male,single,none,4,no known property,37,none,for free,1,skilled,1,yes,yes,bad
862,0,15,existing paid,car,3029,little,7,2,male,single,none,2,car,33,none,own,1,skilled,1,none,yes,good
645,0,6,delayed previously,business,1743,moderate,4,1,male,single,none,2,real estate,34,none,own,2,unskilled,1,none,yes,good
288,0,18,critical,accessory,1817,little,4,4,female,other,none,2,no known property,28,none,own,2,skilled,1,none,yes,good
516,100,24,critical,other,11938,little,4,2,male,single,co applicant,3,car,39,none,own,2,high qualif,2,yes,yes,bad
614,0,15,critical,car,3368,>=1000,8,3,male,single,none,4,no known property,23,none,rent,2,skilled,1,yes,yes,good
105,100,9,existing paid,accessory,959,little,4,1,female,other,none,2,car,29,none,own,1,skilled,1,none,no,bad
3,100,12,existing paid,devices,1567,little,4,1,female,other,none,1,car,22,none,own,1,skilled,1,yes,yes,good
795,0,12,existing paid,education,1393,little,8,4,male,single,none,4,life insurance,47,bank,own,3,skilled,2,yes,yes,good
122,0,24,critical,devices,1516,>=1000,4,4,female,other,none,1,real estate,43,none,own,2,unskilled,1,none,yes,good
618,0,48,existing paid,car,4788,little,7,4,male,single,none,3,life insurance,26,none,own,1,skilled,2,none,yes,good
465,0,10,critical,car,2241,little,0,1,male,single,none,3,real estate,48,none,rent,2,unskilled,2,none,no,good
296,100,24,existing paid,car,4113,rich,0,3,female,other,none,4,car,28,none,rent,1,skilled,1,none,yes,bad
907,0,21,delayed previously,car,2993,little,4,3,male,single,none,2,real estate,28,stores,own,2,unskilled,1,none,yes,good
47,100,24,critical,car,7758,>=1000,8,2,female,other,none,4,no known property,29,none,rent,1,skilled,1,none,yes,good
443,100,36,existing paid,education,3711,none,4,2,male,widow,none,2,car,27,none,own,1,skilled,1,none,yes,good
874,300,12,critical,car,1480,rich,unemployed,2,male,single,none,4,no known property,66,bank,for free,3,unemp/unskilled non res,1,none,yes,good
689,0,6,critical,accessory,1872,little,unemployed,4,male,single,none,4,no known property,36,none,for free,3,high qualif,1,yes,yes,good
158,100,18,existing paid,devices,1113,little,4,4,female,other,guarantor,4,real estate,26,none,own,1,unskilled,2,none,yes,good
722,0,12,critical,devices,1934,little,8,2,male,single,none,2,no known property,26,none,own,2,skilled,1,none,yes,good
132,300,12,all paid,business,609,little,0,4,female,other,none,1,real estate,26,none,own,1,unemp/unskilled non res,1,none,yes,bad
500,0,54,no credits/all paid,car,9436,none,4,2,male,single,none,2,life insurance,39,none,own,1,unskilled,2,none,yes,good
117,0,18,existing paid,devices,1126,none,0,4,female,other,none,2,real estate,21,none,rent,1,skilled,1,yes,yes,good
713,300,24,existing paid,devices,5152,little,7,4,male,single,none,2,car,25,bank,own,1,skilled,1,none,yes,good
997,0,12,existing paid,devices,804,little,8,4,male,single,none,4,car,38,none,own,1,skilled,1,none,yes,good
753,0,24,existing paid,devices,1552,little,7,3,male,single,none,1,car,32,bank,own,1,skilled,2,none,yes,good
700,0,11,critical,car,3905,little,4,2,male,single,none,2,real estate,36,none,rent,2,skilled,2,none,yes,good
551,0,21,delayed previously,education,3414,little,0,2,male,single,none,1,life insurance,26,none,own,2,skilled,1,none,yes,bad
815,100,30,all paid,accessory,3496,>=1000,4,4,male,single,none,2,car,34,stores,own,1,skilled,2,yes,yes,good
444,100,6,existing paid,devices,2063,little,0,4,male,widow,none,3,car,30,none,rent,1,high qualif,1,yes,yes,good
51,100,11,existing paid,accessory,1577,>=1000,0,4,female,other,none,1,real estate,20,none,own,1,skilled,1,none,yes,good
918,0,15,critical,accessory,3343,little,4,4,male,single,none,2,no known property,28,none,for free,1,skilled,1,yes,yes,good
496,0,36,existing paid,education,1977,none,8,4,male,single,none,4,no known property,40,none,own,1,high qualif,1,yes,yes,bad
239,0,18,existing paid,car,976,little,0,1,female,other,none,2,car,23,none,own,1,unskilled,1,none,yes,bad
501,0,15,existing paid,devices,1213,rich,8,4,male,single,none,3,life insurance,47,stores,own,1,skilled,1,yes,yes,good
635,0,8,critical,car,3398,little,7,1,male,single,none,4,real estate,39,none,own,2,unskilled,1,none,no,good
179,0,9,existing paid,accessory,1388,little,4,4,female,other,none,2,real estate,26,none,rent,1,skilled,1,none,yes,good
964,100,60,existing paid,education,6288,little,4,4,male,single,none,4,no known property,42,none,for free,1,skilled,1,none,yes,bad
327,0,6,existing paid,accessory,1543,>=1000,4,4,male,single,none,2,real estate,33,none,own,1,skilled,1,none,yes,good
277,0,18,critical,devices,1098,little,unemployed,4,female,other,none,4,car,65,none,own,2,unemp/unskilled non res,1,none,yes,good
687,0,5,existing paid,business,3448,little,7,1,male,single,none,4,real estate,74,none,own,1,unskilled,1,none,yes,good
63,0,10,existing paid,car,1364,little,4,2,female,other,none,4,car,64,none,own,1,skilled,1,yes,yes,good
604,0,18,critical,car,5302,little,8,2,male,single,none,4,no known property,36,none,for free,3,high qualif,1,yes,yes,good
276,100,11,critical,car,1322,>=1000,4,4,female,other,none,4,car,40,none,own,2,skilled,1,none,yes,good
85,0,12,existing paid,car,4675,none,0,1,female,other,none,4,car,20,none,rent,1,skilled,1,none,yes,good
540,100,24,delayed previously,business,6967,moderate,7,4,male,single,none,4,car,36,none,rent,1,high qualif,1,yes,yes,good
686,0,9,existing paid,accessory,1313,little,8,1,male,single,none,4,car,20,none,own,1,skilled,1,none,yes,good
322,0,14,existing paid,car,8978,little,8,1,male,single,none,4,life insurance,45,none,own,1,high qualif,1,yes,no,bad
989,0,36,existing paid,car,8229,little,4,2,male,single,none,2,life insurance,26,none,own,1,skilled,2,none,yes,bad
800,0,36,delayed previously,business,7980,none,0,4,male,single,none,4,car,27,none,rent,2,skilled,1,yes,yes,bad
851,100,24,delayed previously,devices,6403,little,0,1,male,single,none,2,car,33,none,own,1,skilled,1,none,yes,good
712,0,39,existing paid,car,2569,rich,4,4,male,single,none,4,car,24,none,own,1,skilled,1,none,yes,good
731,100,15,all paid,car,6850,moderate,unemployed,1,male,single,none,2,life insurance,34,none,own,1,high qualif,2,yes,yes,bad
842,0,18,critical,devices,629,rich,8,4,male,single,none,3,life insurance,32,bank,own,2,high qualif,1,yes,yes,good
554,0,21,critical,car,571,little,8,4,male,single,none,4,real estate,65,none,own,2,skilled,1,none,yes,good
128,0,15,existing paid,car,3186,>=1000,7,2,female,other,none,3,car,20,none,rent,1,skilled,1,none,yes,good
280,0,12,critical,accessory,1592,>=1000,7,3,female,other,none,2,life insurance,35,none,own,1,skilled,1,none,no,good
721,0,6,existing paid,car,3518,little,4,2,male,single,guarantor,3,life insurance,26,none,rent,1,skilled,1,none,yes,good
791,0,42,critical,accessory,4042,rich,4,4,male,single,none,4,real estate,36,none,own,2,skilled,1,yes,yes,good
287,100,48,no credits/all paid,other,18424,little,4,1,female,other,none,2,life insurance,32,bank,own,1,high qualif,1,yes,no,bad
673,0,14,delayed previously,car,802,little,4,4,male,single,none,2,car,27,none,own,2,unskilled,1,none,yes,good
188,100,7,existing paid,devices,2329,little,0,1,female,other,guarantor,1,real estate,45,none,own,1,skilled,1,none,yes,good
34,0,33,critical,accessory,4281,rich,4,1,female,other,none,4,car,23,none,own,2,skilled,1,none,yes,bad
316,0,36,delayed previously,business,9572,little,0,1,male,single,none,1,car,28,none,own,2,skilled,1,none,yes,bad
717,0,12,critical,car,1163,rich,4,4,male,single,none,4,real estate,44,none,own,1,skilled,1,yes,yes,good
648,0,12,no credits/all paid,devices,6199,little,4,4,male,single,none,2,life insurance,28,none,rent,2,skilled,1,yes,yes,bad
889,0,24,critical,education,1597,little,8,4,male,single,none,4,no known property,54,none,for free,2,skilled,2,none,yes,good
890,0,12,critical,devices,976,none,8,4,male,single,none,4,car,35,none,own,2,skilled,1,none,yes,good
93,0,18,critical,car,1028,little,4,4,female,other,none,3,real estate,36,none,own,2,skilled,1,none,yes,good
183,100,24,delayed previously,car,1965,none,4,4,female,other,none,4,car,42,none,rent,2,skilled,1,yes,yes,good
363,100,18,existing paid,business,1913,>=1000,0,3,male,widow,none,3,real estate,36,bank,own,1,skilled,1,yes,yes,good
54,100,24,delayed previously,accessory,2064,little,unemployed,3,female,other,none,2,life insurance,34,none,own,1,high qualif,1,yes,yes,bad
572,0,9,critical,devices,3074,none,4,1,male,single,none,2,real estate,33,none,own,2,skilled,2,none,yes,good
431,100,8,existing paid,business,907,little,0,3,male,widow,none,2,real estate,26,none,own,1,skilled,1,yes,yes,good
56,100,9,all paid,car,5129,little,8,2,female,other,none,4,no known property,74,bank,for free,1,high qualif,2,yes,yes,bad
389,100,18,existing paid,devices,3213,rich,0,1,male,widow,none,3,real estate,25,none,rent,1,skilled,1,none,yes,good
92,0,15,delayed previously,accessory,3643,little,8,1,female,other,none,4,life insurance,27,none,own,2,unskilled,1,none,yes,good
724,0,12,critical,car,2122,little,4,3,male,single,none,2,real estate,39,none,rent,2,unskilled,2,none,no,good
534,100,48,all paid,business,3566,moderate,7,4,male,single,none,2,car,30,none,own,1,skilled,1,none,yes,good
170,300,6,delayed previously,devices,683,little,0,2,female,other,none,1,life insurance,29,bank,own,1,skilled,1,none,yes,good
28,0,6,delayed previously,devices,932,little,4,3,female,other,none,2,real estate,24,none,own,1,skilled,1,none,yes,good
178,0,24,critical,education,1927,none,4,3,female,other,none,2,car,33,none,own,2,skilled,1,yes,yes,good
620,300,42,critical,car,4796,little,8,4,male,single,none,4,no known property,56,none,for free,1,skilled,1,none,yes,good
212,0,18,existing paid,devices,1453,little,0,3,female,other,none,1,real estate,26,none,own,1,skilled,1,none,yes,good
418,300,12,existing paid,devices,1297,little,4,3,male,widow,none,4,real estate,23,none,rent,1,skilled,1,none,yes,good
35,0,21,existing paid,devices,1835,little,4,3,female,other,none,2,real estate,25,none,own,2,skilled,1,yes,yes,bad
274,0,36,delayed previously,accessory,7678,rich,7,2,female,other,none,4,car,40,none,own,2,skilled,1,yes,yes,good
455,0,24,delayed previously,car,4870,little,4,3,male,single,none,4,no known property,53,none,for free,2,skilled,2,none,yes,bad
352,100,24,existing paid,accessory,4057,little,7,3,male,single,none,3,car,43,none,own,1,skilled,1,yes,yes,bad
757,100,12,existing paid,devices,1331,little,0,2,male,single,none,1,car,22,stores,own,1,skilled,1,none,yes,bad
200,0,12,existing paid,accessory,1858,little,0,4,female,other,none,1,car,22,none,rent,1,skilled,1,none,yes,good
829,0,9,existing paid,devices,2753,moderate,8,3,male,single,co applicant,4,car,35,none,own,1,skilled,1,yes,yes,good
106,0,30,existing paid,accessory,2406,little,7,4,female,other,none,4,real estate,23,none,rent,1,skilled,1,none,yes,bad
207,0,12,existing paid,car,1386,rich,4,2,female,other,none,2,life insurance,26,none,own,1,skilled,1,none,yes,bad
467,0,6,existing paid,accessory,1374,little,4,1,male,single,none,2,real estate,36,bank,own,1,unskilled,1,yes,yes,good
257,100,12,existing paid,car,7472,none,unemployed,1,female,other,none,2,real estate,24,none,rent,1,unemp/unskilled non res,1,none,yes,good
970,0,24,all paid,accessory,3349,rich,0,4,male,single,none,4,no known property,30,none,for free,1,skilled,2,yes,yes,bad
587,0,9,existing paid,car,2507,rich,8,2,male,single,none,4,no known property,51,none,for free,1,unskilled,1,none,yes,good
42,300,12,existing paid,devices,1881,little,4,2,female,other,none,2,car,44,none,rent,1,unskilled,1,yes,yes,good
785,100,21,critical,business,3652,little,7,2,male,single,none,3,life insurance,27,none,own,2,skilled,1,none,yes,good
585,0,24,existing paid,accessory,3149,little,0,4,male,single,none,1,no known property,22,bank,for free,1,skilled,1,none,yes,good
334,300,6,critical,car,1323,moderate,8,2,male,single,none,4,car,28,none,own,2,skilled,2,yes,yes,good
208,100,30,no credits/all paid,business,4221,little,4,2,female,other,none,1,car,28,none,own,2,skilled,1,none,yes,good
419,0,12,existing paid,car,900,none,4,4,male,widow,none,2,car,23,none,own,1,skilled,1,none,yes,bad
853,0,18,existing paid,car,4380,moderate,4,3,male,single,none,4,car,35,none,own,1,unskilled,2,yes,yes,good
897,0,36,existing paid,accessory,2712,little,8,2,male,single,none,2,life insurance,41,bank,own,1,skilled,2,none,yes,bad
199,100,30,existing paid,accessory,3441,moderate,4,2,female,other,co applicant,4,car,21,none,rent,1,skilled,1,none,yes,bad
442,0,15,existing paid,devices,1386,none,4,4,male,widow,none,2,real estate,40,none,rent,1,skilled,1,yes,yes,good
1,100,12,existing paid,car,1295,little,0,3,female,other,none,1,car,25,none,rent,1,skilled,1,none,yes,bad
230,100,8,existing paid,devices,760,little,7,4,female,other,guarantor,2,real estate,44,none,own,1,unskilled,1,none,yes,good
171,100,24,delayed previously,devices,1553,moderate,7,3,female,other,none,2,life insurance,23,none,rent,2,skilled,1,yes,yes,good
436,0,21,critical,car,1602,little,8,4,male,widow,none,3,car,30,none,own,2,skilled,1,yes,yes,good
118,0,9,existing paid,business,1449,little,7,3,female,other,none,2,car,27,none,own,2,skilled,1,none,yes,good
932,0,24,existing paid,car,7814,little,7,3,male,single,none,3,car,38,none,own,1,high qualif,1,yes,yes,good
86,0,6,existing paid,car,672,little,unemployed,1,female,other,none,4,real estate,54,none,own,1,unemp/unskilled non res,1,yes,yes,good
839,100,30,delayed previously,business,2503,moderate,8,4,male,single,none,2,life insurance,41,stores,own,2,skilled,1,none,yes,good
16,0,24,existing paid,devices,3181,little,0,4,female,other,none,4,life insurance,26,none,own,1,skilled,1,yes,yes,good
833,0,24,existing paid,devices,2284,little,7,4,male,single,none,2,car,28,none,own,1,skilled,1,yes,yes,good
794,100,15,existing paid,devices,1444,none,0,4,male,single,none,1,life insurance,23,none,own,1,skilled,1,none,yes,good
538,0,10,existing paid,devices,1924,little,4,1,male,single,none,4,life insurance,38,none,own,1,skilled,1,yes,no,good
458,100,36,existing paid,car,6948,little,4,2,male,single,none,2,car,35,none,rent,1,high qualif,1,yes,yes,good
847,0,30,critical,devices,3077,none,8,3,male,single,none,2,car,40,none,own,2,skilled,2,yes,yes,good
784,0,6,critical,car,3676,little,4,1,male,single,none,3,real estate,37,none,rent,3,skilled,2,none,yes,good
953,0,24,existing paid,accessory,3345,little,8,4,male,single,none,2,life insurance,39,none,rent,1,high qualif,1,yes,yes,bad
816,0,12,critical,car,4843,little,8,3,male,single,co applicant,4,life insurance,43,none,rent,2,skilled,1,yes,yes,bad
959,0,12,delayed previously,car,1344,little,4,4,male,single,none,2,real estate,43,none,own,2,unskilled,2,none,yes,good
685,0,18,critical,devices,1149,>=1000,4,4,male,single,none,3,real estate,46,none,own,2,skilled,1,none,yes,good
507,0,12,critical,car,1409,little,8,4,male,single,none,3,real estate,54,none,own,1,skilled,1,none,yes,good
318,100,18,delayed previously,accessory,4297,little,8,4,male,single,none,3,no known property,40,none,own,1,high qualif,1,yes,yes,bad
584,0,9,existing paid,devices,1478,little,7,4,male,single,none,2,car,22,none,own,1,skilled,1,none,yes,bad
899,0,18,no credits/all paid,business,4165,little,4,2,male,single,none,2,car,36,stores,own,2,skilled,2,none,yes,bad
896,0,48,existing paid,car,3931,little,7,4,male,single,none,4,no known property,46,none,for free,1,skilled,2,none,yes,bad
653,100,18,existing paid,education,1239,none,4,4,male,single,none,4,no known property,61,none,for free,1,skilled,1,none,yes,good
62,100,6,critical,retraining,932,none,7,1,female,other,none,3,life insurance,39,none,own,2,unskilled,1,none,yes,good
782,100,48,no credits/all paid,business,12204,none,4,2,male,single,none,2,car,48,bank,own,1,high qualif,1,yes,yes,good
661,0,60,critical,car,13756,none,8,2,male,single,none,4,no known property,63,bank,for free,1,high qualif,1,yes,yes,good
945,0,16,critical,car,2625,little,8,2,male,single,guarantor,4,life insurance,43,bank,rent,1,skilled,1,yes,yes,bad
490,100,36,no credits/all paid,business,1953,little,8,4,male,single,none,4,no known property,61,none,for free,1,high qualif,1,yes,yes,bad
796,0,60,delayed previously,devices,15653,little,7,2,male,single,none,4,car,21,none,own,2,skilled,1,yes,yes,good
936,0,36,critical,car,6614,little,8,4,male,single,none,4,car,34,none,own,2,high qualif,1,yes,yes,good
421,100,72,existing paid,devices,5595,moderate,4,2,male,widow,none,2,car,24,none,own,1,skilled,1,none,yes,bad
984,0,60,existing paid,business,7297,little,8,4,male,single,co applicant,4,no known property,36,none,rent,1,skilled,1,none,yes,bad
216,0,12,existing paid,accessory,1123,rich,4,4,female,other,none,4,car,29,none,rent,1,unskilled,1,none,yes,bad
265,0,12,existing paid,devices,886,none,4,4,female,other,none,2,car,21,none,own,1,skilled,1,none,yes,good
568,0,30,critical,car,10623,little,8,3,male,single,none,4,no known property,38,none,for free,3,high qualif,2,yes,yes,good
609,0,18,existing paid,car,2662,none,7,4,male,single,none,3,life insurance,32,none,own,1,skilled,1,none,no,good
138,0,6,existing paid,devices,518,little,4,3,female,other,none,1,real estate,29,none,own,1,skilled,1,none,yes,good
711,0,6,existing paid,retraining,1238,none,unemployed,4,male,single,none,4,life insurance,36,none,own,1,high qualif,2,yes,yes,good
748,0,24,delayed previously,car,2032,little,8,4,male,single,none,4,no known property,60,none,for free,2,skilled,1,yes,yes,good
865,300,15,critical,devices,1271,none,4,3,male,single,none,4,no known property,39,none,for free,2,skilled,1,yes,yes,bad
520,0,48,critical,devices,3578,none,8,4,male,single,none,1,real estate,47,none,own,1,skilled,1,yes,yes,good
206,0,18,existing paid,education,750,little,unemployed,4,female,other,none,1,real estate,27,none,own,1,unemp/unskilled non res,1,none,yes,bad
195,300,10,existing paid,car,1240,moderate,8,1,female,other,none,4,no known property,48,none,for free,1,unskilled,2,none,yes,bad
996,0,12,existing paid,car,2390,none,8,4,male,single,none,3,car,50,none,own,1,skilled,1,yes,yes,good
803,0,48,existing paid,education,7476,little,7,4,male,single,none,1,no known property,50,none,for free,1,high qualif,1,yes,yes,good
704,0,15,existing paid,car,1721,little,0,2,male,single,none,3,real estate,36,none,own,1,skilled,1,none,yes,good
449,0,42,existing paid,devices,7166,none,7,2,male,widow,none,4,life insurance,29,none,rent,1,skilled,1,yes,yes,good
405,100,18,critical,devices,1245,little,4,4,male,widow,none,2,car,33,none,own,1,skilled,1,none,yes,bad
819,0,36,existing paid,business,5742,moderate,7,2,male,single,none,2,car,31,none,own,2,skilled,1,yes,yes,good
775,100,24,no credits/all paid,business,4241,little,4,1,male,single,none,4,real estate,36,none,own,3,unskilled,1,yes,yes,bad
468,100,7,existing paid,devices,2415,little,4,3,male,single,guarantor,2,real estate,34,none,own,1,skilled,1,none,yes,good
761,0,24,all paid,devices,1546,little,7,4,male,single,guarantor,4,car,24,bank,rent,1,unskilled,1,none,yes,bad
96,100,60,existing paid,car,7408,moderate,0,4,female,other,none,2,life insurance,24,none,own,1,high qualif,1,none,yes,bad
881,0,22,existing paid,devices,2675,rich,8,3,male,single,none,4,car,40,none,own,1,skilled,1,none,yes,good
482,100,24,delayed previously,accessory,2333,none,0,4,male,single,none,2,life insurance,29,bank,own,1,unskilled,1,none,yes,good
247,0,36,critical,education,8065,little,4,3,female,other,none,2,no known property,25,none,own,2,high qualif,1,yes,yes,bad
466,100,12,critical,car,1804,moderate,0,3,male,single,none,4,life insurance,44,none,own,1,skilled,1,none,yes,good
922,0,10,existing paid,accessory,2210,little,4,2,male,single,none,2,real estate,25,bank,rent,1,unskilled,1,none,yes,bad
844,0,9,critical,devices,1138,little,4,4,male,single,none,4,real estate,25,none,own,2,unskilled,1,none,yes,good
659,0,36,existing paid,car,3079,none,4,4,male,single,none,4,real estate,36,none,own,1,skilled,1,none,yes,good
493,0,36,existing paid,education,1819,little,4,4,male,single,none,4,no known property,37,stores,for free,1,skilled,1,yes,yes,bad
191,0,36,existing paid,accessory,3349,little,4,4,female,other,none,2,car,28,none,own,1,high qualif,1,yes,yes,bad
943,0,36,delayed previously,car,8947,none,7,3,male,single,none,2,car,31,stores,own,1,high qualif,2,yes,yes,good
705,100,12,existing paid,retraining,754,none,8,4,male,single,none,4,life insurance,38,none,own,2,skilled,1,none,yes,good
937,0,28,all paid,car,7824,none,0,3,male,single,guarantor,4,real estate,40,bank,rent,2,skilled,2,yes,yes,good
632,0,12,critical,education,701,little,4,4,male,single,none,2,car,32,none,own,2,skilled,1,none,yes,good
555,0,21,all paid,car,1647,none,4,4,male,single,none,2,life insurance,40,none,own,2,unskilled,2,none,yes,bad
232,0,4,critical,car,3380,little,7,1,female,other,none,1,real estate,37,none,own,1,skilled,2,none,yes,good
473,100,45,critical,devices,4746,little,0,4,male,single,none,2,life insurance,25,none,own,2,unskilled,1,none,yes,bad
835,100,12,existing paid,devices,1103,little,7,4,male,single,guarantor,3,real estate,29,none,own,2,skilled,1,none,no,good
911,0,18,existing paid,car,6761,none,4,2,male,single,none,4,car,68,none,rent,2,skilled,1,none,yes,bad
121,0,12,existing paid,accessory,2578,little,unemployed,3,female,other,none,4,no known property,55,none,for free,1,high qualif,1,none,yes,good
476,300,10,existing paid,domestic appliance,1225,little,4,2,male,single,none,2,car,37,none,own,1,skilled,1,yes,yes,good
210,0,48,all paid,business,3609,little,4,1,female,other,none,1,real estate,27,stores,own,1,skilled,1,none,yes,good
947,0,24,existing paid,devices,1278,little,8,4,male,single,none,1,real estate,36,none,own,1,high qualif,1,yes,yes,good
402,0,6,existing paid,others,660,rich,7,2,male,widow,none,4,real estate,23,none,rent,1,unskilled,1,none,yes,good
341,0,48,existing paid,business,3914,none,4,4,male,single,none,2,real estate,38,bank,own,1,skilled,1,none,yes,bad
15,0,36,critical,accessory,6229,little,0,4,female,other,co applicant,4,no known property,23,none,rent,2,unskilled,1,yes,yes,bad
487,0,6,all paid,car,783,none,4,1,male,single,guarantor,2,real estate,26,stores,own,1,unskilled,2,none,yes,good
154,0,6,critical,car,609,little,7,4,female,other,none,3,life insurance,37,none,own,2,skilled,1,none,no,good
621,0,10,existing paid,car,1287,none,8,4,male,single,co applicant,2,life insurance,45,none,own,1,unskilled,1,none,no,good
151,0,6,critical,devices,1237,moderate,4,1,female,other,none,1,life insurance,27,none,own,2,skilled,1,none,yes,good
868,0,12,existing paid,devices,2214,little,4,4,male,single,none,3,life insurance,24,none,own,1,unskilled,1,none,yes,good
861,0,21,existing paid,car,5248,none,4,1,male,single,none,3,car,26,none,own,1,skilled,1,none,yes,good
416,0,24,critical,devices,1851,little,7,4,male,widow,guarantor,2,car,33,none,own,2,skilled,1,yes,yes,good
588,0,12,existing paid,devices,2141,moderate,7,3,male,single,none,1,no known property,35,none,own,1,skilled,1,none,yes,good
103,100,24,existing paid,devices,3758,rich,unemployed,1,female,other,none,4,no known property,23,none,rent,1,unemp/unskilled non res,1,none,yes,good
561,100,48,no credits/all paid,business,3844,moderate,7,4,male,single,none,4,no known property,34,none,for free,1,unskilled,2,none,yes,bad
357,100,21,delayed previously,car,2353,little,4,1,male,single,none,4,life insurance,47,none,own,2,skilled,1,none,yes,good
826,0,60,existing paid,car,6527,none,4,4,male,single,none,4,no known property,34,none,for free,1,skilled,2,yes,yes,good
769,100,12,critical,car,3124,little,0,1,male,single,none,3,real estate,49,bank,own,2,unskilled,2,none,yes,good
777,0,24,delayed previously,business,3863,little,4,1,male,single,none,2,no known property,32,none,for free,1,skilled,1,none,yes,good
160,100,15,existing paid,car,2631,moderate,4,2,female,other,none,4,car,28,none,rent,2,skilled,1,yes,yes,bad
181,0,18,existing paid,accessory,2039,little,4,1,female,other,none,4,real estate,20,bank,rent,1,skilled,1,none,yes,bad
812,0,21,existing paid,accessory,2241,little,8,4,male,single,none,2,real estate,50,none,own,2,skilled,1,none,yes,good
535,0,36,critical,accessory,5371,little,4,3,male,single,guarantor,2,life insurance,28,none,own,2,skilled,1,none,yes,good
828,100,36,delayed previously,car,2862,moderate,8,4,male,single,none,3,no known property,30,none,for free,1,skilled,1,none,yes,good
310,0,12,existing paid,devices,3059,>=1000,7,2,male,single,none,4,real estate,61,none,own,1,unskilled,1,none,yes,good
793,0,18,all paid,accessory,1553,little,4,4,male,single,none,3,car,44,bank,own,1,skilled,1,none,yes,bad
888,100,9,existing paid,car,1549,none,0,4,male,single,none,2,real estate,35,none,own,1,unemp/unskilled non res,1,none,yes,good
831,100,24,existing paid,devices,2896,moderate,0,2,male,single,none,1,car,29,none,own,1,skilled,1,none,yes,good
827,300,10,critical,devices,1347,none,7,4,male,single,none,2,life insurance,27,none,own,2,skilled,1,yes,yes,good
238,0,6,existing paid,accessory,428,little,8,2,female,other,none,1,life insurance,49,bank,own,1,skilled,1,yes,yes,good
305,100,6,existing paid,devices,753,little,4,2,female,other,guarantor,3,real estate,64,none,own,1,skilled,1,none,yes,good
908,0,24,all paid,business,1559,little,7,4,male,single,none,4,car,50,bank,own,1,skilled,1,yes,yes,good
973,0,36,delayed previously,business,2145,little,7,2,male,single,none,1,car,24,none,own,2,skilled,1,yes,yes,bad
209,300,6,critical,education,1047,little,4,2,female,other,none,4,life insurance,50,none,own,1,unskilled,1,none,yes,good
926,0,24,critical,business,1382,moderate,7,4,male,single,none,1,real estate,26,none,own,2,skilled,1,yes,yes,good
295,100,48,no credits/all paid,car,8358,rich,0,1,female,other,none,1,car,30,none,own,2,skilled,1,none,yes,good
515,100,9,critical,accessory,1919,little,7,4,male,single,none,3,car,35,none,rent,1,skilled,1,yes,yes,good
767,100,9,existing paid,devices,1082,little,8,4,male,single,none,4,car,27,none,own,2,unskilled,1,none,yes,good
590,0,24,existing paid,devices,1823,little,unemployed,4,male,single,none,2,car,30,stores,own,1,high qualif,2,none,yes,bad
622,0,18,existing paid,accessory,2515,little,4,3,male,single,none,4,real estate,43,none,own,1,skilled,1,yes,yes,good
729,0,10,existing paid,car,1309,none,4,4,male,single,guarantor,4,life insurance,27,none,own,1,unskilled,1,none,yes,bad
764,0,24,critical,devices,2578,>=1000,8,2,male,single,none,2,car,34,none,own,1,skilled,1,none,yes,good
58,100,9,critical,education,1501,little,8,2,female,other,none,3,car,34,none,own,2,high qualif,1,yes,yes,bad
77,0,24,existing paid,devices,1533,little,0,4,female,other,none,3,car,38,stores,own,1,skilled,1,yes,yes,good
205,0,12,existing paid,devices,1493,little,0,4,female,other,none,3,car,34,none,own,1,skilled,2,none,yes,good
696,0,36,critical,car,11054,none,4,4,male,single,none,2,car,30,none,own,1,high qualif,1,yes,yes,good
982,100,15,existing paid,others,1514,moderate,4,4,male,single,guarantor,2,real estate,22,none,own,1,skilled,1,none,yes,good
286,100,30,existing paid,devices,2991,none,8,2,female,other,none,4,car,25,none,own,1,skilled,1,none,yes,good
701,0,12,existing paid,car,3386,little,8,3,male,single,none,4,no known property,35,none,for free,1,skilled,1,yes,yes,bad
114,100,18,existing paid,car,12976,little,unemployed,3,female,other,none,4,no known property,38,none,for free,1,high qualif,1,yes,yes,bad
809,100,12,existing paid,car,888,little,8,4,male,single,none,4,car,41,bank,own,1,unskilled,2,none,yes,bad
116,0,18,critical,devices,2238,little,4,2,female,other,none,1,car,25,none,own,2,skilled,1,none,yes,good
798,100,15,existing paid,others,1308,little,8,4,male,single,none,4,car,38,none,own,2,unskilled,1,none,yes,good
249,0,18,existing paid,devices,3509,little,7,4,female,other,guarantor,1,real estate,25,none,own,1,skilled,1,none,yes,good
59,0,6,critical,devices,1382,little,4,1,female,other,none,1,car,28,none,own,2,skilled,1,yes,yes,good
413,0,48,existing paid,devices,6999,little,7,1,male,widow,guarantor,1,real estate,34,none,own,2,skilled,1,yes,yes,bad
278,0,12,existing paid,education,795,little,0,4,female,other,none,4,life insurance,53,none,own,1,skilled,1,none,yes,bad
941,100,36,critical,car,5800,little,4,3,male,single,none,4,car,34,none,own,2,skilled,1,yes,yes,good
783,100,60,delayed previously,devices,9157,none,4,2,male,single,none,2,no known property,27,none,for free,1,high qualif,1,none,yes,good
693,100,20,delayed previously,other,2629,little,4,2,male,single,none,3,car,29,bank,own,2,skilled,1,yes,yes,good
39,100,48,existing paid,car,8487,none,7,1,female,other,none,2,car,24,none,own,1,skilled,1,none,yes,good
592,0,30,existing paid,devices,2522,little,8,1,male,single,guarantor,3,life insurance,39,none,own,1,skilled,2,none,yes,good
647,0,18,critical,car,3229,none,unemployed,2,male,single,none,4,no known property,38,none,own,1,high qualif,1,yes,yes,good
149,0,24,existing paid,car,3757,little,8,4,female,other,co applicant,4,no known property,62,none,for free,1,skilled,1,yes,yes,good
317,100,36,delayed previously,business,4455,little,4,2,male,single,none,2,real estate,30,stores,own,2,high qualif,1,yes,yes,bad
708,0,48,delayed previously,devices,7238,none,8,3,male,single,none,3,car,32,bank,own,2,skilled,2,none,yes,good
226,0,27,existing paid,car,2570,little,4,3,female,other,none,3,real estate,21,none,rent,1,skilled,1,none,yes,bad
445,0,18,existing paid,accessory,1533,little,0,4,male,widow,co applicant,1,life insurance,43,none,own,1,unskilled,2,none,yes,bad
187,0,24,existing paid,car,1442,little,7,4,female,other,none,4,car,23,none,rent,2,skilled,1,none,yes,bad
234,100,24,existing paid,car,11560,little,4,1,female,other,none,4,car,23,none,rent,2,high qualif,1,none,yes,bad
235,100,30,no credits/all paid,business,4280,moderate,4,4,female,other,none,4,car,26,none,rent,2,unskilled,1,none,yes,bad
698,0,24,existing paid,car,2670,little,8,4,male,single,none,4,car,35,none,own,1,high qualif,1,yes,yes,good
373,300,6,existing paid,car,709,>=1000,0,2,male,widow,none,2,real estate,27,none,own,1,unemp/unskilled non res,1,none,no,good
723,100,6,existing paid,devices,368,none,8,4,male,single,none,4,life insurance,38,none,own,1,skilled,1,none,yes,good
654,300,12,existing paid,devices,3399,none,8,2,male,single,none,3,car,37,none,own,1,high qualif,1,none,yes,good
110,0,10,critical,accessory,2146,little,0,1,female,other,none,3,real estate,23,none,rent,2,skilled,1,none,yes,good
425,0,15,critical,devices,1316,rich,4,2,male,widow,none,2,life insurance,47,none,own,2,unskilled,1,none,yes,good
197,0,24,all paid,car,3632,little,4,1,female,other,guarantor,4,car,22,bank,rent,1,skilled,1,none,no,good
233,100,36,all paid,domestic appliance,3990,none,0,3,female,other,none,2,no known property,29,bank,own,1,unemp/unskilled non res,1,none,yes,good
933,100,30,critical,car,2181,none,8,4,male,single,none,4,real estate,36,none,own,2,skilled,1,none,yes,good
808,0,14,existing paid,car,3973,little,unemployed,1,male,single,none,4,no known property,22,none,for free,1,skilled,1,none,yes,good
677,0,12,critical,business,2292,little,unemployed,4,male,single,none,2,car,42,stores,own,2,high qualif,1,yes,yes,bad
627,100,48,existing paid,other,5381,none,unemployed,3,male,single,none,4,no known property,40,bank,for free,1,unemp/unskilled non res,1,yes,yes,good
399,300,12,critical,car,939,rich,7,4,male,widow,none,2,real estate,28,none,own,3,skilled,1,yes,yes,bad
870,100,12,critical,accessory,3617,little,8,1,male,single,none,4,car,28,none,rent,3,skilled,1,yes,yes,good
130,0,18,critical,others,1190,little,unemployed,2,female,other,none,4,no known property,55,none,for free,3,unemp/unskilled non res,2,none,yes,bad
854,0,6,critical,car,6761,little,7,1,male,single,none,3,no known property,45,none,own,2,high qualif,2,yes,yes,good
541,0,9,critical,others,1288,moderate,8,3,male,single,guarantor,4,real estate,48,none,own,2,skilled,2,none,no,good
446,100,18,critical,business,3590,little,unemployed,3,male,widow,none,3,car,40,none,own,3,unemp/unskilled non res,2,yes,yes,good
882,0,48,critical,car,2751,none,8,4,male,single,none,3,car,38,none,own,2,skilled,2,yes,yes,good
754,0,48,critical,car,8858,none,7,2,male,single,none,1,no known property,35,none,for free,2,skilled,1,yes,yes,good
463,0,9,critical,car,2134,little,4,4,male,single,none,4,car,48,none,own,3,skilled,1,yes,yes,good
536,0,18,critical,devices,1582,>=1000,8,4,male,single,none,4,car,46,none,own,2,skilled,1,none,yes,good
495,0,8,critical,other,1164,little,8,3,male,single,none,4,no known property,51,bank,for free,2,high qualif,2,yes,yes,good
593,0,6,existing paid,devices,1595,little,7,3,male,single,none,2,life insurance,51,none,own,1,skilled,2,none,yes,good
665,300,12,existing paid,car,1330,little,0,4,male,single,none,1,real estate,26,none,own,1,skilled,1,none,yes,good
312,100,6,delayed previously,business,1449,moderate,8,1,male,single,none,2,car,31,bank,own,2,skilled,2,none,yes,good
747,0,48,existing paid,car,7763,little,8,4,male,single,none,4,no known property,42,bank,for free,1,high qualif,1,none,yes,bad
245,0,10,existing paid,car,2901,none,0,1,female,other,none,4,real estate,31,none,rent,1,skilled,1,none,yes,good
575,0,36,critical,devices,3342,none,8,4,male,single,none,2,car,51,none,own,1,skilled,1,yes,yes,good
950,0,24,all paid,business,3161,little,4,4,male,single,none,2,life insurance,31,none,rent,1,skilled,1,yes,yes,bad
157,0,24,existing paid,car,3488,moderate,7,3,female,other,none,4,car,23,none,own,1,skilled,1,none,yes,good
518,100,12,existing paid,car,6078,little,7,2,male,single,none,2,car,32,none,own,1,skilled,1,none,yes,good
358,300,42,no credits/all paid,business,6289,little,0,2,male,single,none,1,life insurance,33,none,own,2,skilled,1,none,yes,good
57,100,18,no credits/all paid,accessory,3244,little,4,1,female,other,none,4,car,33,bank,own,2,skilled,1,yes,yes,good
690,0,9,existing paid,accessory,2136,little,4,3,male,single,none,2,real estate,25,none,own,1,skilled,1,none,yes,good
135,0,9,critical,education,1244,none,8,4,female,other,none,4,life insurance,41,none,rent,2,unskilled,1,none,yes,good
644,100,13,critical,devices,882,little,0,4,male,single,guarantor,4,real estate,23,none,own,2,skilled,1,none,yes,good
871,0,12,critical,devices,1655,little,8,2,male,single,none,4,real estate,63,none,own,2,unskilled,1,yes,yes,good
641,0,24,existing paid,accessory,4169,little,4,4,male,single,none,4,life insurance,28,none,own,1,skilled,1,none,yes,good
999,100,45,critical,car,4576,moderate,unemployed,3,male,single,none,4,car,27,none,own,1,skilled,1,none,yes,good
966,0,12,existing paid,car,3527,none,0,2,male,single,none,3,life insurance,45,none,own,1,high qualif,2,yes,yes,good
255,100,18,critical,devices,1795,little,8,3,female,other,guarantor,4,real estate,48,bank,rent,2,unskilled,1,yes,yes,good
910,100,21,existing paid,accessory,3976,none,7,2,male,single,none,3,car,35,none,own,1,skilled,1,yes,yes,good
771,0,9,critical,car,2799,little,4,2,male,single,none,2,real estate,36,none,rent,2,skilled,2,none,yes,good
213,0,6,existing paid,education,1538,little,0,1,female,other,none,2,no known property,56,none,own,1,skilled,1,none,yes,good
666,0,30,delayed previously,business,4272,moderate,4,2,male,single,none,2,life insurance,26,none,own,2,unskilled,1,none,yes,good
880,100,18,existing paid,business,1941,>=1000,4,4,male,single,none,2,life insurance,35,none,own,1,unskilled,1,yes,yes,good
224,0,12,existing paid,car,1228,little,4,4,female,other,none,2,real estate,24,none,own,1,unskilled,1,none,yes,bad
354,0,11,existing paid,business,2142,>=1000,8,1,male,single,none,2,real estate,28,none,own,1,skilled,1,yes,yes,good
642,100,18,existing paid,business,4439,little,8,1,male,single,co applicant,1,real estate,33,bank,own,1,high qualif,1,yes,yes,good
589,0,4,critical,devices,1544,little,7,2,male,single,none,1,real estate,42,none,own,3,unskilled,2,none,yes,good
461,0,30,no credits/all paid,business,8072,none,0,2,male,single,none,3,car,25,bank,own,3,skilled,1,none,yes,good
440,0,24,existing paid,car,1474,moderate,0,4,male,widow,none,3,real estate,33,none,own,1,skilled,1,yes,yes,good
756,100,12,critical,car,1995,moderate,0,4,male,single,none,1,car,27,none,own,1,skilled,1,none,yes,good
921,0,27,critical,accessory,4526,>=1000,0,4,male,single,none,2,real estate,32,stores,own,2,unskilled,2,yes,yes,good
597,0,6,no credits/all paid,car,1204,moderate,4,4,male,single,none,1,no known property,35,bank,rent,1,skilled,1,none,no,good
602,0,24,critical,devices,2684,little,4,4,male,single,none,2,real estate,35,none,own,2,unskilled,1,none,yes,good
253,0,9,existing paid,accessory,2301,moderate,0,2,female,other,none,4,life insurance,22,none,rent,1,skilled,1,none,yes,good
564,100,24,existing paid,car,2760,none,8,4,male,single,none,4,no known property,36,bank,for free,1,skilled,1,yes,yes,good
17,0,12,existing paid,devices,2171,little,0,2,female,other,none,2,car,29,bank,own,1,skilled,1,none,yes,good
123,100,24,existing paid,devices,1967,little,8,4,female,other,none,4,car,20,none,own,1,skilled,1,yes,yes,good
801,300,24,existing paid,car,947,little,7,4,male,single,none,3,no known property,38,bank,for free,1,skilled,2,none,yes,bad
336,0,36,existing paid,devices,2302,little,4,4,male,single,none,4,car,31,none,rent,1,skilled,1,none,yes,bad
74,0,11,critical,devices,1154,moderate,unemployed,4,female,other,none,4,real estate,57,none,own,3,unskilled,1,none,yes,good
344,300,24,critical,business,1275,>=1000,4,2,male,single,none,4,real estate,36,none,own,2,skilled,1,yes,yes,good
574,300,30,delayed previously,business,1908,little,8,4,male,single,none,4,real estate,66,none,own,1,high qualif,1,yes,yes,bad
744,0,6,existing paid,car,662,little,0,3,male,single,none,4,real estate,41,none,own,1,unskilled,2,yes,yes,good
48,0,12,existing paid,accessory,1282,little,4,2,female,other,none,4,car,20,none,rent,1,skilled,1,none,yes,bad
366,100,12,existing paid,car,1007,>=1000,4,4,male,widow,none,1,real estate,22,none,own,1,skilled,1,none,yes,good
201,0,24,existing paid,devices,3660,little,4,2,female,other,none,4,car,28,none,own,1,skilled,1,none,yes,good
914,0,24,critical,car,4042,none,7,3,male,single,none,4,life insurance,43,none,own,2,skilled,1,yes,yes,good
934,100,24,critical,business,2825,none,7,4,male,single,none,3,no known property,34,none,own,2,skilled,2,yes,yes,good
924,0,36,existing paid,business,7409,none,8,3,male,single,none,2,life insurance,37,none,own,2,skilled,1,none,yes,good
672,0,24,delayed previously,business,8648,little,0,2,male,single,none,2,car,27,bank,own,2,skilled,1,yes,yes,bad
475,300,18,existing paid,devices,2100,little,4,4,male,single,co applicant,2,real estate,37,stores,own,1,skilled,1,none,yes,bad
832,0,6,critical,car,4716,none,0,1,male,single,none,3,real estate,44,none,own,2,unskilled,2,none,yes,good
144,0,6,existing paid,education,448,little,0,4,female,other,none,4,life insurance,23,none,own,1,skilled,1,none,yes,bad
484,0,12,existing paid,devices,1262,little,4,3,male,single,none,2,car,25,none,own,1,skilled,1,none,yes,good
55,0,30,all paid,car,7485,none,unemployed,4,female,other,none,1,real estate,53,bank,own,1,high qualif,1,yes,yes,bad
725,100,36,existing paid,accessory,9034,moderate,0,4,male,single,co applicant,1,no known property,29,none,rent,1,high qualif,1,yes,yes,bad
856,100,10,all paid,devices,1048,little,4,4,male,single,none,4,real estate,23,stores,own,1,unskilled,1,none,yes,good
595,0,24,existing paid,business,1258,little,7,4,male,single,none,1,real estate,25,none,own,1,skilled,1,yes,yes,good
250,100,18,existing paid,others,3872,little,unemployed,2,female,other,none,4,car,67,none,own,1,skilled,1,yes,yes,good
559,100,16,critical,car,1175,little,unemployed,2,male,single,none,3,car,68,none,for free,3,unemp/unskilled non res,1,yes,yes,good
755,0,6,all paid,devices,1750,rich,8,2,male,single,none,4,life insurance,45,bank,own,1,unskilled,2,none,yes,good
867,0,12,critical,car,691,little,8,4,male,single,none,3,life insurance,35,none,own,2,skilled,1,none,yes,bad
556,0,24,critical,accessory,3777,>=1000,4,4,male,single,none,4,real estate,50,none,own,1,skilled,1,yes,yes,good
14,300,18,existing paid,car,1961,little,8,3,female,other,none,2,car,23,none,own,1,high qualif,1,none,yes,good
186,100,6,all paid,car,931,moderate,0,1,female,other,none,1,life insurance,32,stores,own,1,unskilled,1,none,yes,bad
521,0,12,existing paid,accessory,1768,little,4,3,male,single,none,2,real estate,24,none,rent,1,unskilled,1,none,yes,good
221,100,9,existing paid,devices,1206,little,8,4,female,other,none,4,real estate,25,none,own,1,skilled,1,none,yes,good
271,0,15,existing paid,accessory,2221,rich,4,2,female,other,none,4,car,20,none,rent,1,skilled,1,none,yes,good
571,0,12,existing paid,car,1413,>=1000,7,3,male,single,none,2,life insurance,55,none,own,1,skilled,1,none,no,good
351,0,24,existing paid,car,9277,none,4,2,male,single,none,4,no known property,48,none,for free,1,skilled,1,yes,yes,good
242,0,24,existing paid,car,1285,none,7,4,female,other,none,4,no known property,32,none,rent,1,skilled,1,none,yes,bad
401,100,12,existing paid,devices,1484,none,4,2,male,widow,none,1,real estate,25,none,own,1,skilled,1,yes,yes,bad
240,100,12,existing paid,business,841,moderate,7,2,female,other,none,4,real estate,23,none,rent,1,unskilled,1,none,yes,good
369,0,12,existing paid,car,2445,none,0,2,male,widow,none,4,car,26,none,rent,1,skilled,1,yes,yes,good
189,100,9,existing paid,accessory,918,little,4,4,female,other,none,1,life insurance,30,none,own,1,skilled,1,none,yes,bad
175,0,15,existing paid,business,806,little,4,4,female,other,none,4,life insurance,22,none,own,1,unskilled,1,none,yes,good
916,0,18,all paid,car,1442,little,7,4,male,single,none,4,no known property,32,none,for free,2,unskilled,2,none,yes,bad
211,0,30,critical,devices,4530,little,7,4,female,other,none,4,car,26,none,rent,1,high qualif,1,yes,yes,good
789,300,6,existing paid,accessory,2116,little,4,2,male,single,none,2,real estate,41,none,own,1,skilled,1,yes,yes,good
64,0,12,existing paid,education,1200,none,4,4,female,other,none,4,life insurance,23,bank,rent,1,skilled,1,yes,yes,good
169,0,21,no credits/all paid,car,5003,none,4,1,female,other,none,4,life insurance,29,bank,own,2,skilled,1,yes,yes,bad
347,300,24,existing paid,accessory,2892,little,8,3,male,single,none,4,no known property,51,none,for free,1,skilled,1,none,yes,good
657,0,18,critical,car,3850,little,7,3,male,single,none,1,car,27,none,own,2,skilled,1,none,yes,good
849,300,24,critical,devices,3148,none,4,3,male,single,none,2,car,31,none,own,2,skilled,1,yes,yes,good
977,100,24,existing paid,accessory,3069,moderate,8,4,male,single,none,4,no known property,30,none,for free,1,skilled,1,none,yes,good
328,0,24,existing paid,devices,1938,little,0,4,male,single,none,3,life insurance,32,none,own,1,skilled,1,none,yes,bad
289,0,9,existing paid,devices,1366,little,0,3,female,other,none,4,life insurance,22,none,rent,1,skilled,1,none,yes,bad
547,0,36,existing paid,car,909,rich,8,4,male,single,none,4,life insurance,36,none,own,1,skilled,1,none,yes,good
393,0,18,existing paid,car,1820,little,4,2,male,widow,none,2,life insurance,30,none,own,1,high qualif,1,yes,yes,good
259,100,36,delayed previously,car,7432,little,4,2,female,other,none,2,life insurance,54,none,rent,1,skilled,1,none,yes,good
972,0,24,existing paid,devices,3621,moderate,8,2,male,single,none,4,car,31,none,own,2,skilled,1,none,yes,bad
335,300,9,existing paid,devices,1126,moderate,8,2,male,single,none,4,real estate,49,none,own,1,skilled,1,none,yes,good
980,100,27,critical,devices,2520,rich,4,4,male,single,none,2,life insurance,23,none,own,2,unskilled,1,none,yes,bad
204,0,24,existing paid,devices,1376,rich,7,4,female,other,none,1,car,28,none,own,1,skilled,1,none,yes,good
268,0,10,existing paid,retraining,894,none,7,4,female,other,none,3,life insurance,40,none,own,1,skilled,1,yes,yes,good
52,0,24,existing paid,accessory,3972,little,7,2,female,other,none,4,life insurance,25,none,rent,1,skilled,1,yes,yes,good
720,0,10,existing paid,car,1418,moderate,4,3,male,single,none,2,real estate,35,none,rent,1,unskilled,1,none,no,good
962,0,12,critical,devices,522,rich,8,4,male,single,none,4,life insurance,42,none,own,2,skilled,2,yes,yes,good
40,0,60,existing paid,devices,10144,moderate,7,2,female,other,none,4,real estate,21,none,own,1,skilled,1,yes,yes,good
30,300,15,existing paid,education,392,little,0,4,female,other,none,4,life insurance,23,none,rent,1,skilled,1,yes,yes,good
883,100,48,delayed previously,education,6224,little,8,4,male,single,none,4,no known property,50,none,for free,1,skilled,1,none,yes,bad
282,0,15,delayed previously,car,3594,little,0,1,female,other,none,2,life insurance,46,none,own,2,unskilled,1,none,yes,good
860,0,13,critical,business,1797,little,0,3,male,single,none,1,life insurance,28,bank,own,2,unskilled,1,none,yes,good
730,300,15,critical,car,2360,rich,4,2,male,single,none,2,car,36,none,own,1,skilled,1,yes,yes,good
415,0,18,existing paid,domestic appliance,1217,little,4,4,male,widow,none,3,real estate,47,none,own,1,unskilled,1,yes,yes,bad
100,100,24,critical,education,5743,little,0,2,female,other,none,4,no known property,24,none,for free,2,skilled,1,yes,yes,good
923,0,12,critical,accessory,3331,little,8,2,male,single,none,4,life insurance,42,stores,own,1,skilled,1,none,yes,good
811,100,18,critical,accessory,6361,little,8,2,male,single,none,1,no known property,41,none,own,1,skilled,1,yes,yes,good
732,0,39,existing paid,car,8588,moderate,8,4,male,single,none,2,car,45,none,own,1,high qualif,1,yes,yes,good
25,100,18,critical,accessory,1295,little,0,4,female,other,none,1,life insurance,27,none,own,2,skilled,1,none,yes,good
558,0,15,critical,devices,1360,little,4,4,male,single,none,2,life insurance,31,none,own,2,skilled,1,none,yes,good
459,0,24,critical,car,1199,little,8,4,male,single,none,4,car,60,none,own,2,unskilled,1,none,yes,bad
281,0,15,existing paid,accessory,2186,none,7,1,female,other,none,4,real estate,33,bank,rent,1,unskilled,1,none,yes,good
739,0,6,critical,devices,700,none,8,4,male,single,none,4,no known property,36,none,for free,2,skilled,1,none,yes,good
400,100,18,existing paid,car,2779,little,4,1,male,widow,none,3,car,21,none,rent,1,skilled,1,yes,yes,good
530,100,12,existing paid,devices,766,rich,4,4,male,single,none,3,real estate,66,none,own,1,unskilled,1,none,yes,bad
619,100,48,delayed previously,other,7582,moderate,unemployed,2,male,single,none,4,no known property,31,none,for free,1,high qualif,1,yes,yes,good
765,100,48,existing paid,devices,3979,none,7,4,male,single,none,1,car,41,none,own,2,skilled,2,yes,yes,good
301,0,15,existing paid,devices,3568,little,8,4,female,other,none,2,car,54,bank,rent,1,high qualif,1,yes,yes,good
7,300,12,all paid,devices,409,>=1000,4,3,female,other,none,3,real estate,42,none,rent,2,skilled,1,none,yes,good
617,0,15,critical,accessory,1520,none,8,4,male,single,none,4,life insurance,63,none,own,1,skilled,1,none,yes,good
976,0,28,existing paid,car,4006,little,4,3,male,single,none,2,car,45,none,own,1,unskilled,1,none,yes,bad
599,0,24,delayed previously,accessory,4151,moderate,4,2,male,single,none,3,life insurance,35,none,own,2,skilled,1,none,yes,good
859,0,39,critical,accessory,14179,none,7,4,male,single,none,4,life insurance,30,none,own,2,high qualif,1,yes,yes,good
180,0,12,existing paid,car,2133,none,8,4,female,other,none,4,no known property,52,none,for free,1,high qualif,1,yes,yes,good
917,0,36,delayed previously,car,10875,little,8,2,male,single,none,2,car,45,none,own,2,skilled,2,yes,yes,good
567,0,12,critical,car,1495,little,8,4,male,single,none,1,real estate,38,none,own,2,unskilled,2,none,yes,good
50,0,18,existing paid,accessory,1131,little,unemployed,4,female,other,none,2,car,33,none,own,1,skilled,1,none,yes,bad
417,0,18,critical,devices,1880,little,7,4,male,widow,none,1,life insurance,32,none,own,2,high qualif,1,yes,yes,good
26,0,12,critical,devices,797,none,8,4,female,other,none,3,life insurance,33,bank,own,1,unskilled,2,none,yes,bad
437,0,24,critical,devices,2611,little,8,4,male,widow,co applicant,3,real estate,46,none,own,2,skilled,1,none,yes,good
892,0,12,critical,devices,930,none,8,4,male,single,none,4,real estate,65,none,own,4,skilled,1,none,yes,good
293,300,9,existing paid,devices,745,little,4,3,female,other,none,2,real estate,28,none,own,1,unskilled,1,none,yes,bad
901,100,48,delayed previously,business,6681,none,4,4,male,single,none,4,no known property,38,none,for free,1,skilled,2,yes,yes,good
691,0,42,critical,others,3394,little,unemployed,4,male,single,co applicant,4,car,65,none,own,2,unemp/unskilled non res,1,none,yes,good
332,0,24,existing paid,devices,3235,rich,8,3,male,single,none,2,car,26,none,own,1,high qualif,1,yes,yes,good
850,300,9,no credits/all paid,devices,1337,little,0,4,male,single,none,2,car,34,none,own,2,high qualif,1,yes,yes,bad
101,0,21,existing paid,accessory,3599,little,7,1,female,other,none,4,car,26,none,rent,1,unskilled,1,none,yes,good
279,0,21,existing paid,devices,2606,little,0,4,female,other,none,4,life insurance,28,none,rent,1,high qualif,1,yes,yes,good
707,0,24,existing paid,car,2924,little,4,3,male,single,guarantor,4,no known property,63,bank,own,1,skilled,2,yes,yes,good
304,300,24,existing paid,devices,1258,rich,4,3,female,other,none,3,car,57,none,own,1,unskilled,1,none,yes,good
680,0,12,existing paid,car,2579,little,0,4,male,single,none,1,real estate,33,none,own,1,unskilled,2,none,yes,bad
331,100,12,existing paid,car,1223,little,8,1,male,single,none,1,real estate,46,none,rent,2,skilled,1,none,yes,bad
44,0,21,critical,accessory,2288,little,0,4,female,other,none,4,life insurance,23,none,own,1,skilled,1,yes,yes,good
84,100,48,existing paid,accessory,9960,little,0,1,female,other,none,2,car,26,none,own,1,skilled,1,yes,yes,bad
505,0,12,no credits/all paid,others,1108,little,7,4,male,single,none,3,real estate,28,none,own,2,skilled,1,none,yes,bad
512,100,36,critical,devices,2337,little,8,4,male,single,none,4,real estate,36,none,own,1,skilled,1,none,yes,good
429,0,24,delayed previously,car,717,none,8,4,male,widow,none,4,car,54,none,own,2,skilled,1,yes,yes,good
683,0,21,delayed previously,accessory,1591,moderate,7,4,male,single,none,3,real estate,34,none,own,2,high qualif,1,none,yes,good
904,0,12,no credits/all paid,car,1082,little,4,4,male,single,none,4,car,48,bank,own,2,skilled,1,none,yes,bad
526,0,36,delayed previously,education,6887,little,4,4,male,single,none,3,life insurance,29,stores,own,1,skilled,1,yes,yes,bad
638,100,6,existing paid,devices,1068,little,8,4,male,single,none,4,car,28,none,own,1,skilled,2,none,yes,good
150,100,27,no credits/all paid,business,8318,little,8,2,female,other,none,4,no known property,42,none,for free,2,high qualif,1,yes,yes,bad
321,0,12,all paid,devices,2149,little,4,4,male,single,none,1,no known property,29,none,for free,1,skilled,1,none,yes,bad
532,0,27,existing paid,devices,3416,little,4,3,male,single,none,2,car,27,none,own,1,high qualif,1,none,yes,good
863,0,12,delayed previously,others,1555,>=1000,8,4,male,single,none,4,no known property,55,none,for free,2,skilled,2,none,yes,bad
27,0,12,critical,education,2012,none,7,4,female,other,none,2,car,61,none,own,1,skilled,1,none,yes,good
266,0,4,existing paid,accessory,601,little,0,1,female,other,none,3,real estate,23,none,rent,1,unskilled,2,none,yes,good
631,0,12,existing paid,accessory,708,little,4,2,male,single,guarantor,3,life insurance,38,none,own,1,unskilled,2,none,yes,good
185,100,24,existing paid,car,2718,little,4,3,female,other,none,4,life insurance,20,none,rent,1,unskilled,1,yes,yes,bad
65,0,12,critical,devices,1291,little,4,4,female,other,none,2,life insurance,35,none,own,2,skilled,1,none,yes,good
640,0,24,no credits/all paid,accessory,4110,little,8,3,male,single,none,4,no known property,23,bank,rent,2,skilled,2,none,yes,bad
873,0,24,critical,devices,2223,moderate,8,4,male,single,none,4,life insurance,52,bank,own,2,skilled,1,none,yes,good
855,0,24,all paid,car,2325,moderate,7,2,male,single,none,3,car,32,bank,own,1,skilled,1,none,yes,good
660,0,18,critical,devices,6070,little,8,3,male,single,none,4,car,33,none,own,2,skilled,1,yes,yes,good
422,0,15,delayed previously,devices,1478,little,4,4,male,widow,none,3,real estate,33,bank,own,2,skilled,1,none,yes,good
104,0,9,existing paid,domestic appliance,1236,little,0,1,female,other,none,4,real estate,23,none,rent,1,skilled,1,yes,yes,good
294,0,15,existing paid,accessory,1845,little,0,4,female,other,guarantor,1,life insurance,46,none,rent,1,skilled,1,none,yes,good
133,0,12,existing paid,accessory,1620,little,4,2,female,other,co applicant,3,life insurance,30,none,own,1,skilled,1,none,yes,good
479,100,18,delayed previously,others,6204,little,4,2,male,single,none,4,real estate,44,none,own,1,unskilled,2,yes,yes,good
384,100,36,existing paid,car,9398,little,0,1,male,widow,none,4,car,28,none,rent,1,high qualif,1,yes,yes,bad
985,100,18,delayed previously,business,2427,none,8,4,male,single,none,2,life insurance,42,none,own,2,skilled,1,none,yes,good
342,0,30,no credits/all paid,accessory,4583,little,4,2,male,single,guarantor,2,real estate,32,none,own,2,skilled,1,none,yes,good
633,0,24,existing paid,car,2910,little,7,2,male,single,none,1,no known property,34,none,for free,1,high qualif,1,yes,yes,good
613,0,24,existing paid,devices,1901,moderate,4,4,male,single,none,4,car,29,none,rent,1,high qualif,1,yes,yes,good
591,100,6,existing paid,car,14555,none,unemployed,1,male,single,none,2,life insurance,23,none,own,1,unemp/unskilled non res,1,yes,yes,bad
737,0,6,critical,car,1361,little,0,2,male,single,none,4,real estate,40,none,own,1,unskilled,2,none,no,good
938,0,27,critical,business,2442,little,8,4,male,single,none,4,car,43,stores,own,4,high qualif,2,yes,yes,good
494,0,7,critical,devices,730,none,8,4,male,single,none,2,life insurance,46,none,rent,2,unskilled,1,yes,yes,good
95,0,18,critical,education,1864,moderate,4,4,female,other,none,2,real estate,30,none,own,2,skilled,1,none,yes,bad
552,0,6,critical,devices,338,rich,8,4,male,single,none,4,car,52,none,own,2,skilled,1,none,yes,good
165,0,12,all paid,devices,626,little,4,4,female,other,none,4,real estate,24,bank,own,1,unskilled,1,none,yes,bad
499,100,11,delayed previously,devices,4771,little,7,2,male,single,none,4,life insurance,51,none,own,1,skilled,1,none,yes,good
260,0,6,critical,devices,1554,little,7,1,female,other,none,2,car,24,none,rent,2,skilled,1,yes,yes,good
544,0,24,critical,devices,2872,moderate,8,3,male,single,none,4,real estate,36,none,own,1,skilled,2,yes,yes,good
173,0,24,existing paid,accessory,3234,little,0,4,female,other,none,4,real estate,23,none,rent,1,unskilled,1,yes,yes,bad
930,0,9,existing paid,car,1422,little,0,3,male,single,none,2,no known property,27,none,for free,1,high qualif,1,yes,yes,bad
174,0,24,existing paid,car,5433,none,unemployed,2,female,other,none,4,life insurance,26,none,rent,1,high qualif,1,yes,yes,good
607,0,36,critical,business,6304,none,8,4,male,single,none,4,real estate,36,none,own,2,skilled,1,none,yes,good
884,0,40,critical,education,5998,little,4,4,male,single,none,3,no known property,27,bank,own,1,skilled,1,yes,yes,bad
447,0,6,critical,devices,1740,little,8,2,male,widow,none,2,real estate,30,none,rent,2,skilled,1,none,yes,good
480,0,36,existing paid,devices,2299,rich,8,4,male,single,none,4,car,39,none,own,1,skilled,1,none,yes,good
573,0,27,no credits/all paid,business,5293,little,unemployed,2,male,single,none,4,life insurance,50,stores,own,2,skilled,1,yes,yes,bad
990,0,24,critical,accessory,2028,little,7,2,male,single,none,2,life insurance,30,none,own,2,unskilled,1,none,yes,good
360,100,30,critical,car,5234,little,unemployed,4,male,widow,none,2,car,28,none,own,2,high qualif,1,none,yes,bad
412,100,12,existing paid,devices,1534,little,0,1,male,widow,none,1,real estate,23,none,rent,1,skilled,1,none,yes,bad
37,100,18,existing paid,accessory,1924,none,0,4,female,other,none,3,real estate,27,none,rent,1,skilled,1,none,yes,bad
78,0,12,critical,accessory,1402,rich,7,3,female,other,none,4,car,37,none,rent,1,skilled,1,yes,yes,good
781,0,15,existing paid,car,1300,none,8,4,male,single,none,4,no known property,45,bank,for free,1,skilled,2,none,yes,good
140,0,6,existing paid,domestic appliance,343,little,0,4,female,other,none,1,real estate,27,none,own,1,skilled,1,none,yes,good
576,0,18,no credits/all paid,business,3104,little,7,3,male,single,none,1,life insurance,31,bank,own,1,skilled,1,yes,yes,good
355,0,24,existing paid,accessory,2359,moderate,unemployed,1,male,single,none,1,life insurance,33,none,own,1,skilled,1,none,yes,bad
113,0,6,critical,car,362,moderate,4,4,female,other,none,4,car,52,none,own,2,unskilled,1,none,yes,good
423,0,24,critical,devices,5103,little,0,3,male,widow,none,3,no known property,47,none,for free,3,skilled,1,yes,yes,good
841,100,9,existing paid,devices,2118,little,4,2,male,single,none,2,real estate,37,none,own,1,unskilled,2,none,yes,good
217,300,24,existing paid,devices,1377,moderate,8,4,female,other,none,2,no known property,47,none,for free,1,skilled,1,yes,yes,good
67,0,12,critical,business,1185,little,4,3,female,other,none,2,real estate,27,none,own,2,skilled,1,none,yes,good
877,100,39,critical,devices,4933,little,7,2,male,single,guarantor,2,real estate,25,none,own,2,skilled,1,none,yes,bad
488,100,12,existing paid,devices,6468,none,unemployed,2,male,single,none,1,no known property,52,none,own,1,high qualif,1,yes,yes,bad
605,0,10,critical,car,1231,little,8,3,male,single,none,4,real estate,32,none,own,2,unskilled,2,none,no,good
805,0,24,existing paid,car,2303,little,8,4,male,single,co applicant,1,real estate,45,none,own,1,skilled,1,none,yes,bad
368,0,24,existing paid,car,1469,moderate,8,4,male,widow,none,4,real estate,41,none,rent,1,unskilled,1,none,yes,good
244,0,18,critical,accessory,2124,little,4,4,female,other,none,4,real estate,24,none,rent,2,skilled,1,none,yes,bad
193,100,36,existing paid,devices,2671,moderate,4,4,female,other,co applicant,4,no known property,50,none,for free,1,skilled,1,none,yes,bad
32,0,42,existing paid,devices,7174,none,7,4,female,other,none,3,car,30,none,own,1,high qualif,1,yes,yes,bad
824,0,12,existing paid,devices,2279,none,4,4,male,single,none,4,no known property,37,none,for free,1,skilled,1,yes,yes,good
940,0,12,critical,car,2171,little,4,4,male,single,none,4,life insurance,38,bank,own,2,unskilled,1,none,no,good
36,0,24,critical,car,3868,little,8,4,female,other,none,2,car,41,none,rent,2,high qualif,1,yes,yes,good
396,100,18,critical,business,1887,none,4,4,male,widow,none,4,real estate,28,bank,own,2,skilled,1,none,yes,good
182,0,12,critical,devices,385,little,7,4,female,other,none,3,real estate,58,none,own,4,unskilled,1,yes,yes,good
506,0,12,critical,devices,618,little,8,4,male,single,none,4,real estate,56,none,own,1,skilled,1,none,yes,good
612,0,9,existing paid,devices,2697,little,4,1,male,single,none,2,real estate,32,none,own,1,skilled,2,none,yes,good
148,0,15,delayed previously,accessory,960,>=1000,7,3,female,other,none,2,life insurance,30,none,own,2,skilled,1,none,yes,good
787,0,18,existing paid,devices,2600,little,4,4,male,single,none,4,no known property,65,none,for free,2,skilled,1,none,yes,bad
702,0,18,existing paid,devices,4594,little,0,3,male,single,none,2,car,32,none,own,1,skilled,1,yes,yes,good
313,100,12,critical,car,2366,rich,7,3,male,single,none,3,car,36,none,own,1,high qualif,1,yes,yes,good
311,100,12,existing paid,devices,1158,rich,4,3,male,single,none,1,car,26,none,own,1,skilled,1,yes,yes,good
168,100,18,no credits/all paid,car,2278,moderate,0,3,female,other,none,3,car,28,none,own,2,skilled,1,none,yes,bad
734,0,36,existing paid,car,4686,little,4,2,male,single,none,2,no known property,32,none,for free,1,high qualif,1,yes,yes,good
323,0,30,existing paid,others,11998,little,0,1,male,single,none,1,no known property,34,none,own,1,unskilled,1,yes,yes,bad
582,100,48,existing paid,devices,10961,>=1000,7,1,male,single,co applicant,2,no known property,27,bank,own,2,skilled,1,yes,yes,bad
411,0,24,existing paid,devices,1311,moderate,7,4,male,widow,none,3,life insurance,26,none,own,1,skilled,1,yes,yes,good
577,300,36,existing paid,devices,3913,little,4,2,male,single,none,2,real estate,23,none,own,1,skilled,1,yes,yes,good
902,0,24,delayed previously,business,2375,rich,4,4,male,single,none,2,car,44,none,own,2,skilled,2,yes,yes,good
905,0,24,critical,car,2957,little,8,4,male,single,none,4,life insurance,63,none,own,2,skilled,1,yes,yes,good
752,0,24,delayed previously,car,1333,little,unemployed,4,male,single,none,2,real estate,43,none,for free,2,skilled,2,none,yes,bad
112,0,48,all paid,business,7685,little,7,2,female,other,guarantor,4,car,37,none,rent,1,skilled,1,none,yes,bad
450,100,15,all paid,car,1264,moderate,4,2,male,widow,none,2,life insurance,25,none,rent,1,skilled,1,none,yes,bad
830,0,12,existing paid,car,3651,>=1000,4,1,male,single,none,3,life insurance,31,none,own,1,skilled,2,none,yes,good
563,100,45,existing paid,devices,3031,moderate,4,4,male,single,guarantor,4,life insurance,21,none,rent,1,skilled,1,none,yes,bad
773,0,12,critical,accessory,2246,little,8,3,male,single,none,3,life insurance,60,none,own,2,skilled,1,none,yes,bad
885,0,24,existing paid,car,6313,none,8,3,male,single,none,4,car,41,none,own,1,high qualif,2,yes,yes,good
272,0,18,existing paid,devices,2389,little,0,4,female,other,none,1,car,27,stores,own,1,skilled,1,none,yes,good
241,0,30,critical,devices,5771,little,7,4,female,other,none,2,car,25,none,own,2,skilled,1,none,yes,good
172,0,48,existing paid,devices,6758,little,4,3,female,other,none,2,car,31,none,own,1,skilled,1,yes,yes,bad
353,0,20,critical,car,3485,none,0,2,male,single,none,4,real estate,44,none,own,2,skilled,1,yes,yes,good
24,0,12,critical,business,1412,little,4,4,female,other,guarantor,2,real estate,29,none,own,2,high qualif,1,yes,yes,good
430,100,6,existing paid,devices,590,little,0,3,male,widow,none,3,real estate,26,none,own,1,unskilled,1,none,no,good
69,0,18,existing paid,devices,433,little,unemployed,3,female,other,co applicant,4,real estate,22,none,rent,1,skilled,1,none,yes,bad
768,100,18,critical,car,1056,little,8,3,male,single,guarantor,3,real estate,30,bank,own,2,skilled,1,none,yes,bad
678,0,10,existing paid,car,1597,rich,4,3,male,single,none,2,no known property,40,none,rent,1,unskilled,2,none,no,good
931,0,30,critical,devices,6742,none,7,2,male,single,none,3,life insurance,36,none,own,2,skilled,1,none,yes,good
23,0,24,existing paid,other,1755,little,8,4,female,other,guarantor,4,real estate,58,none,own,1,unskilled,1,yes,yes,good
745,100,36,existing paid,education,2273,little,7,3,male,single,none,1,car,32,none,own,2,skilled,2,none,yes,good
120,0,6,critical,devices,1957,little,7,1,female,other,none,4,car,31,none,own,1,skilled,1,none,yes,good
329,0,6,critical,accessory,3384,little,4,1,male,single,none,4,real estate,44,none,rent,1,high qualif,1,yes,yes,bad
776,0,18,critical,car,2775,little,7,2,male,single,none,2,life insurance,31,bank,own,2,skilled,1,none,yes,bad
562,100,27,existing paid,business,3915,little,4,4,male,single,none,2,car,36,none,own,1,skilled,2,yes,yes,bad
91,100,24,existing paid,accessory,4351,none,4,1,female,other,none,4,life insurance,48,none,own,1,unskilled,1,yes,yes,good
111,100,60,all paid,other,14782,moderate,8,3,female,other,none,4,no known property,60,bank,for free,2,high qualif,1,yes,yes,bad
378,0,12,existing paid,retraining,902,little,7,4,male,widow,none,4,life insurance,21,none,rent,1,skilled,1,none,yes,bad
127,100,18,existing paid,car,1042,none,4,4,female,other,none,2,life insurance,33,none,own,1,skilled,1,none,yes,bad
780,0,18,existing paid,devices,2051,little,0,4,male,single,none,1,real estate,33,none,own,1,skilled,1,none,yes,good
237,0,12,existing paid,car,1274,little,0,3,female,other,none,1,real estate,37,none,own,1,unskilled,1,none,yes,bad
766,0,30,critical,devices,5954,little,7,3,male,single,co applicant,2,car,38,none,own,1,skilled,1,none,yes,good
667,100,18,critical,accessory,7374,little,unemployed,4,male,single,none,4,life insurance,40,stores,own,2,high qualif,1,yes,yes,good
634,0,18,existing paid,accessory,2659,>=1000,4,4,male,single,none,2,car,28,none,own,1,skilled,1,none,yes,good
2,0,48,existing paid,business,4308,little,0,3,female,other,none,4,life insurance,24,none,rent,1,skilled,1,none,yes,bad
267,0,18,existing paid,others,1943,little,0,4,female,other,none,4,real estate,23,none,own,1,skilled,1,none,yes,bad
581,0,36,no credits/all paid,others,2613,little,4,4,male,single,none,2,car,27,none,own,2,skilled,1,none,yes,good
372,0,12,existing paid,devices,701,little,4,4,male,widow,none,2,real estate,40,none,own,1,unskilled,1,none,yes,good
330,100,10,existing paid,accessory,1521,little,4,4,male,single,none,2,car,31,none,own,1,unskilled,1,none,yes,good
963,100,30,delayed previously,devices,1919,moderate,0,4,male,single,none,3,no known property,30,stores,own,2,high qualif,1,none,yes,bad
979,0,24,existing paid,devices,2397,rich,8,3,male,single,none,2,car,35,bank,own,2,skilled,1,yes,yes,bad
4,0,15,existing paid,car,1403,little,4,2,female,other,none,4,car,28,none,rent,1,skilled,1,none,yes,good
857,0,21,existing paid,devices,3160,none,8,4,male,single,none,3,life insurance,41,none,own,1,skilled,1,yes,yes,good
821,0,21,delayed previously,business,2580,rich,0,4,male,single,none,2,real estate,41,bank,own,1,unskilled,2,none,yes,bad
125,0,18,delayed previously,education,8471,none,4,1,female,other,none,2,car,23,none,rent,2,skilled,1,yes,yes,good
652,0,36,delayed previously,devices,4463,little,4,4,male,single,none,2,car,26,none,own,2,high qualif,1,yes,yes,bad
586,300,36,existing paid,devices,4210,little,4,4,male,single,none,2,car,26,none,own,1,skilled,1,none,yes,bad
297,0,36,existing paid,accessory,10974,little,unemployed,4,female,other,none,2,car,26,none,own,2,high qualif,1,yes,yes,bad
404,100,24,existing paid,devices,3092,moderate,0,3,male,widow,none,2,car,22,none,rent,1,skilled,1,yes,yes,bad
669,0,36,existing paid,car,3249,little,7,2,male,single,none,4,no known property,39,bank,for free,1,high qualif,2,yes,yes,good
817,300,30,critical,devices,3017,little,8,4,male,single,none,4,life insurance,47,none,own,1,skilled,1,none,yes,good
19,0,36,existing paid,car,8133,little,4,1,female,other,none,2,life insurance,30,bank,own,1,skilled,1,none,yes,good
80,0,6,existing paid,accessory,4611,little,0,1,female,other,none,4,life insurance,32,none,own,1,skilled,1,none,yes,bad
557,100,18,critical,car,884,little,8,4,male,single,none,4,car,36,bank,own,1,skilled,2,yes,yes,bad
628,0,24,existing paid,accessory,5511,moderate,4,4,male,single,none,1,car,25,stores,own,1,skilled,1,none,yes,good
8,300,12,existing paid,accessory,1474,little,0,4,female,other,none,1,life insurance,33,bank,own,1,high qualif,1,yes,yes,good
818,0,24,critical,business,4139,moderate,4,3,male,single,none,3,life insurance,27,none,own,2,unskilled,1,yes,yes,good
858,0,24,all paid,accessory,2483,rich,4,4,male,single,none,4,real estate,22,stores,own,1,skilled,1,yes,yes,good
616,300,18,all paid,devices,1445,none,7,4,male,single,none,4,car,49,bank,own,1,unskilled,1,none,yes,good
10,0,11,critical,car,1393,little,0,4,female,other,none,4,car,35,none,own,2,high qualif,1,none,yes,good
492,0,27,existing paid,others,5190,none,8,4,male,single,none,4,life insurance,48,none,own,4,skilled,2,yes,yes,good
649,0,10,existing paid,education,727,rich,8,4,male,single,none,4,no known property,46,none,for free,1,skilled,1,yes,yes,good
124,0,24,existing paid,car,1381,none,4,4,female,other,none,2,life insurance,35,none,own,1,skilled,1,none,yes,bad
758,0,24,all paid,accessory,3552,little,7,3,male,single,none,4,car,27,bank,own,1,skilled,1,none,yes,bad
952,0,6,existing paid,car,14896,little,8,1,male,single,none,4,no known property,68,bank,own,1,high qualif,1,yes,yes,bad
338,0,12,existing paid,car,1372,little,7,2,male,single,none,3,car,36,none,own,1,skilled,1,none,yes,bad
925,300,6,critical,car,1343,little,8,1,male,single,none,4,real estate,46,none,own,2,skilled,2,none,no,good
603,0,12,existing paid,accessory,1657,little,4,2,male,single,none,2,real estate,27,none,own,1,skilled,1,none,yes,good
432,100,6,existing paid,devices,484,little,7,3,male,widow,guarantor,3,real estate,28,bank,own,1,unskilled,1,none,yes,good
273,0,12,existing paid,accessory,652,little,8,4,female,other,none,4,life insurance,24,none,rent,1,skilled,1,none,yes,good
390,0,12,existing paid,devices,776,little,4,4,male,widow,none,2,real estate,28,none,own,1,skilled,1,none,yes,good
637,300,36,existing paid,devices,4473,little,8,4,male,single,none,2,car,31,none,own,1,skilled,1,none,yes,good
624,300,24,critical,car,1344,none,7,4,male,single,none,2,real estate,37,bank,own,2,unskilled,2,none,yes,bad
5,0,24,existing paid,devices,1282,moderate,4,4,female,other,none,2,car,32,none,own,1,unskilled,1,none,yes,bad
664,0,20,existing paid,accessory,2212,none,7,4,male,single,none,4,car,39,none,own,1,skilled,1,yes,yes,good
457,0,24,existing paid,accessory,2835,rich,8,3,male,single,none,4,life insurance,53,none,own,1,skilled,1,none,yes,good
485,0,18,existing paid,car,3378,none,4,2,male,single,none,1,life insurance,31,none,own,1,skilled,1,yes,yes,good
920,0,24,critical,car,5804,>=1000,4,4,male,single,none,2,real estate,27,none,own,2,skilled,1,none,yes,good
517,0,18,all paid,car,6458,little,8,2,male,single,none,4,no known property,39,bank,own,2,high qualif,2,yes,yes,bad
462,0,24,existing paid,devices,3430,rich,8,3,male,single,none,2,car,31,none,own,1,skilled,2,yes,yes,good
807,0,24,critical,car,2346,little,7,4,male,single,none,3,car,35,none,own,2,skilled,1,yes,yes,good
68,0,12,all paid,retraining,3447,rich,4,4,female,other,none,3,real estate,35,none,own,1,unskilled,2,none,yes,good
270,0,24,existing paid,devices,2439,little,0,4,female,other,none,4,real estate,35,none,own,1,skilled,1,yes,yes,bad
986,0,24,delayed previously,car,2538,little,8,4,male,single,none,4,car,47,none,own,2,unskilled,2,none,yes,bad
542,100,24,existing paid,car,3512,moderate,7,2,male,single,none,3,car,38,bank,own,2,skilled,1,yes,yes,good
315,0,12,existing paid,accessory,2577,little,4,2,male,single,none,1,car,42,none,own,1,skilled,1,none,yes,good
601,100,60,delayed previously,devices,7418,none,4,1,male,single,none,1,real estate,27,none,own,1,unskilled,1,none,yes,good
337,300,21,critical,education,2319,little,0,2,male,single,none,1,car,33,none,rent,1,skilled,1,none,yes,bad
477,100,9,existing paid,devices,458,little,4,4,male,single,none,3,real estate,24,none,own,1,skilled,1,none,yes,good
471,100,18,existing paid,car,5866,moderate,4,2,male,single,none,2,car,30,none,own,2,skilled,1,yes,yes,good
377,0,12,existing paid,car,1168,little,4,4,male,widow,none,3,real estate,27,none,own,1,unskilled,1,none,yes,good
190,100,24,all paid,education,1837,little,7,4,female,other,none,4,no known property,34,bank,for free,1,unskilled,1,none,yes,bad
448,100,6,existing paid,others,454,little,0,3,male,widow,none,1,life insurance,22,none,own,1,unskilled,1,none,yes,good
439,0,20,critical,car,2235,little,4,4,male,widow,guarantor,2,life insurance,33,bank,rent,2,skilled,1,none,no,bad
503,100,36,existing paid,education,12612,moderate,4,1,male,single,none,4,no known property,47,none,for free,1,skilled,2,yes,yes,bad
324,0,12,existing paid,accessory,1262,none,8,2,male,single,none,4,life insurance,49,none,own,1,unskilled,1,yes,yes,good
453,0,12,critical,education,2096,little,7,2,male,single,none,3,real estate,49,none,own,1,unskilled,2,none,yes,good
774,0,24,all paid,other,1358,none,8,4,male,single,none,3,car,40,stores,own,1,high qualif,1,yes,yes,bad
147,0,30,existing paid,accessory,3622,>=1000,8,4,female,other,none,4,life insurance,57,none,rent,2,skilled,1,yes,yes,good
70,0,6,critical,car,666,>=1000,7,3,female,other,none,4,real estate,39,none,own,2,unskilled,1,yes,yes,good
243,0,15,critical,car,5045,none,8,1,female,other,none,4,car,59,none,own,1,skilled,1,yes,yes,good
374,0,12,all paid,retraining,339,little,8,4,male,widow,none,1,car,45,bank,own,1,unskilled,1,none,yes,good
955,100,12,existing paid,car,2002,little,7,3,male,single,none,4,life insurance,30,none,rent,1,skilled,2,yes,yes,good
307,0,15,critical,accessory,1433,little,4,4,female,other,none,3,life insurance,25,none,rent,2,skilled,1,none,yes,good
263,100,24,existing paid,devices,5084,none,8,2,female,other,none,4,car,42,none,own,1,skilled,1,yes,yes,good
89,100,8,existing paid,accessory,1237,little,4,3,female,other,none,4,real estate,24,none,own,1,skilled,1,none,yes,bad
565,0,9,critical,education,936,rich,8,4,male,single,none,2,car,52,none,own,2,skilled,1,yes,yes,good
688,100,24,existing paid,other,11328,little,4,2,male,single,co applicant,3,car,29,bank,own,2,high qualif,1,yes,yes,bad
988,0,48,existing paid,business,4844,little,unemployed,3,male,single,none,2,car,33,bank,rent,1,high qualif,1,yes,yes,bad
300,100,30,existing paid,devices,1715,none,4,4,female,other,none,1,car,26,none,own,1,skilled,1,none,yes,good
706,0,18,existing paid,business,1950,little,7,4,male,single,none,1,car,34,stores,own,2,skilled,1,yes,yes,good
46,0,12,critical,car,682,moderate,7,4,female,other,none,3,car,51,none,own,2,skilled,1,yes,yes,good
76,0,12,critical,education,2748,little,8,2,female,other,none,4,no known property,57,bank,for free,3,unskilled,1,none,yes,good
684,0,28,critical,devices,2743,little,8,4,male,single,none,2,car,29,none,own,2,skilled,1,none,yes,good
876,0,36,critical,car,5711,>=1000,8,4,male,single,none,2,car,38,none,own,2,high qualif,1,yes,yes,good
813,100,6,delayed previously,accessory,1050,little,unemployed,4,male,single,none,1,life insurance,35,stores,own,2,high qualif,1,yes,yes,good
726,0,24,critical,accessory,1585,little,7,4,male,single,none,3,life insurance,40,none,own,2,skilled,1,none,yes,good
674,100,18,delayed previously,car,2899,none,8,4,male,single,none,4,car,43,none,own,1,skilled,2,none,yes,good
743,0,4,critical,devices,1503,little,7,2,male,single,none,1,real estate,42,none,own,2,unskilled,2,none,yes,good
763,100,24,delayed previously,business,4712,none,4,4,male,single,none,2,life insurance,37,bank,own,2,high qualif,1,yes,yes,good
822,0,24,critical,accessory,5150,little,8,4,male,single,none,4,car,33,none,own,1,skilled,1,yes,yes,good
840,100,48,existing paid,car,6560,moderate,7,3,male,single,none,2,life insurance,24,none,own,1,skilled,1,none,yes,bad
639,0,24,critical,car,6615,little,unemployed,2,male,single,none,4,no known property,75,none,for free,2,high qualif,1,yes,yes,good
733,0,12,existing paid,car,759,little,7,4,male,single,none,2,real estate,26,none,own,1,skilled,1,none,yes,bad
333,0,24,critical,others,2058,little,4,4,male,single,none,2,real estate,33,none,own,2,skilled,1,yes,yes,good
598,300,24,existing paid,accessory,1925,little,4,2,male,single,none,2,real estate,26,none,own,1,skilled,1,none,yes,good
522,300,10,critical,car,781,little,8,4,male,single,none,4,no known property,63,none,for free,2,skilled,1,yes,yes,good
804,100,12,existing paid,accessory,1922,little,4,4,male,single,none,2,life insurance,37,none,own,1,unskilled,1,none,yes,bad
676,0,33,critical,car,7253,little,7,3,male,single,none,2,car,35,none,own,2,high qualif,1,yes,yes,good
137,300,12,existing paid,accessory,1424,none,8,3,female,other,none,4,real estate,55,none,own,1,high qualif,1,yes,yes,good
975,100,9,critical,devices,1154,little,8,2,male,single,none,4,real estate,37,none,own,3,unskilled,1,none,yes,good
320,100,21,existing paid,business,2767,moderate,8,4,male,single,none,2,car,61,bank,rent,2,unskilled,1,none,yes,bad
299,0,24,critical,devices,1231,>=1000,8,4,female,other,none,4,life insurance,57,none,rent,2,high qualif,1,yes,yes,good
570,100,12,critical,domestic appliance,1424,little,7,4,male,single,none,3,life insurance,26,none,own,1,skilled,1,none,yes,good
298,0,12,existing paid,car,1893,little,4,4,female,other,guarantor,4,life insurance,29,none,own,1,skilled,1,yes,yes,good
6,100,24,existing paid,car,12579,little,8,4,female,other,none,2,no known property,44,none,for free,1,high qualif,1,yes,yes,bad
194,0,12,existing paid,domestic appliance,741,moderate,unemployed,4,female,other,none,3,life insurance,22,none,own,1,skilled,1,none,yes,bad
510,100,54,no credits/all paid,business,15945,little,0,3,male,single,none,4,no known property,58,none,rent,1,skilled,1,yes,yes,bad
719,0,12,existing paid,devices,3077,little,4,2,male,single,none,4,car,52,none,own,1,skilled,1,yes,yes,good
314,100,24,critical,business,1935,little,8,4,male,single,none,4,real estate,31,none,own,2,skilled,1,yes,yes,bad
886,0,24,existing paid,accessory,3062,rich,8,4,male,single,none,3,no known property,32,none,rent,1,skilled,1,yes,yes,good
403,100,15,delayed previously,others,1512,>=1000,4,3,male,widow,none,3,life insurance,61,stores,own,2,skilled,1,none,yes,bad
229,100,48,all paid,business,6416,little,8,4,female,other,none,3,no known property,59,none,rent,1,skilled,1,none,yes,bad
750,300,18,existing paid,accessory,2864,little,4,2,male,single,none,1,real estate,34,none,own,1,unskilled,2,none,yes,bad
823,0,24,existing paid,devices,2384,little,8,4,male,single,none,4,real estate,64,bank,rent,1,unskilled,1,none,yes,good
236,0,15,existing paid,car,2511,little,unemployed,1,female,other,none,4,car,23,none,rent,1,skilled,1,none,yes,good
215,0,12,critical,car,926,little,unemployed,1,female,other,none,2,life insurance,38,none,own,1,unemp/unskilled non res,1,none,yes,good
426,0,24,critical,car,2463,moderate,7,4,male,widow,none,3,life insurance,27,none,own,2,skilled,1,yes,yes,good
511,100,18,existing paid,business,2622,moderate,4,4,male,single,none,4,car,34,none,own,1,skilled,1,none,yes,good
895,0,48,existing paid,domestic appliance,3051,little,4,3,male,single,none,4,car,54,none,own,1,skilled,1,none,yes,bad
248,0,24,existing paid,car,1371,none,4,4,female,other,none,4,real estate,25,none,rent,1,skilled,1,none,yes,bad
228,0,18,existing paid,devices,1882,little,4,4,female,other,none,4,car,25,bank,rent,2,skilled,1,none,yes,bad
406,0,24,existing paid,accessory,2996,none,4,2,male,widow,none,4,car,20,none,own,1,skilled,1,none,yes,bad
569,0,12,critical,accessory,1935,little,8,4,male,single,none,4,real estate,43,none,own,3,skilled,1,yes,yes,good
391,0,6,existing paid,accessory,1766,little,4,1,male,widow,none,2,life insurance,21,none,rent,1,skilled,1,none,yes,good
383,0,12,existing paid,business,1076,little,4,2,male,widow,none,2,real estate,26,none,own,1,skilled,1,yes,no,good
325,100,24,critical,car,3878,moderate,0,4,male,single,none,2,car,37,none,own,1,skilled,1,yes,yes,good
797,0,42,delayed previously,devices,4370,little,7,3,male,single,none,2,life insurance,26,bank,own,2,skilled,2,yes,yes,bad
646,100,9,critical,education,1136,>=1000,8,4,male,single,none,3,no known property,32,none,for free,2,skilled,2,none,yes,bad
379,0,24,existing paid,business,6568,little,4,2,male,widow,none,2,car,21,stores,own,1,unskilled,1,none,yes,good
740,0,24,critical,others,5507,little,8,3,male,single,none,4,no known property,44,none,for free,2,skilled,1,none,yes,good
682,100,12,critical,car,958,little,7,2,male,single,none,3,real estate,47,none,own,2,unskilled,2,none,yes,good
218,100,27,existing paid,business,2528,little,0,4,female,other,none,1,life insurance,32,none,own,1,skilled,2,yes,yes,good
177,100,12,existing paid,devices,2930,little,7,2,female,other,none,1,real estate,27,none,own,1,skilled,1,none,yes,good
350,0,18,critical,accessory,3780,little,0,3,male,single,none,2,car,35,none,own,2,high qualif,1,yes,yes,good
875,0,36,critical,car,3535,little,7,4,male,single,none,4,car,37,none,own,2,skilled,1,yes,yes,good
519,100,18,existing paid,car,6260,little,7,3,male,single,none,3,real estate,28,none,rent,1,unskilled,1,none,yes,good
394,0,36,critical,accessory,2348,little,4,3,male,widow,none,2,life insurance,46,none,own,2,skilled,1,yes,yes,good
303,0,30,critical,devices,2831,little,4,4,female,other,none,2,car,33,none,own,1,skilled,1,yes,yes,good
749,0,30,existing paid,accessory,6350,none,8,4,male,single,none,4,life insurance,31,none,own,1,skilled,1,none,yes,bad
928,0,18,all paid,devices,1940,little,0,3,male,single,co applicant,4,no known property,36,bank,for free,1,high qualif,1,yes,yes,good
679,0,36,critical,car,5842,little,8,2,male,single,none,2,life insurance,35,none,own,2,skilled,2,yes,yes,good
380,100,12,existing paid,devices,625,little,0,4,male,widow,guarantor,1,real estate,26,bank,own,1,unskilled,1,none,yes,good
546,100,10,existing paid,car,7308,little,unemployed,2,male,single,none,4,no known property,70,bank,for free,1,high qualif,1,yes,yes,good
662,0,7,delayed previously,devices,846,none,8,3,male,single,none,4,no known property,36,none,for free,1,skilled,1,none,yes,good
60,100,12,existing paid,accessory,951,moderate,0,4,female,other,none,4,car,27,bank,rent,4,skilled,1,none,yes,bad
345,0,30,existing paid,accessory,3108,little,0,2,male,single,none,4,life insurance,31,none,own,1,unskilled,1,none,yes,bad
136,0,36,existing paid,car,1842,little,0,4,female,other,none,4,car,34,none,own,1,skilled,1,yes,yes,bad
319,0,24,existing paid,accessory,3021,little,4,2,male,single,none,2,real estate,24,none,rent,1,unskilled,1,none,yes,good
33,0,10,critical,accessory,2132,none,0,2,female,other,co applicant,3,real estate,27,none,rent,2,skilled,1,none,no,good
231,0,24,existing paid,car,2603,>=1000,4,2,female,other,none,4,car,28,none,rent,1,skilled,1,yes,yes,good
580,0,15,existing paid,car,4657,little,4,3,male,single,none,2,car,30,none,own,1,skilled,1,yes,yes,good
143,0,33,delayed previously,business,2764,little,4,2,female,other,none,2,car,26,none,own,2,skilled,1,yes,yes,good
252,100,21,existing paid,business,1188,little,8,2,female,other,none,4,life insurance,39,none,own,1,skilled,2,none,yes,bad
915,0,15,critical,devices,1471,little,4,4,male,single,none,4,no known property,35,none,for free,2,skilled,1,yes,yes,good
434,0,12,existing paid,car,1101,little,4,3,male,widow,none,2,real estate,27,none,own,2,skilled,1,yes,yes,good
951,0,10,existing paid,car,2848,moderate,4,1,male,single,co applicant,2,real estate,32,none,own,1,skilled,2,none,yes,good
203,100,24,existing paid,car,1355,little,0,3,female,other,none,4,car,25,none,own,1,unskilled,1,yes,yes,bad
998,0,45,existing paid,devices,1845,little,4,4,male,single,none,4,no known property,23,none,for free,1,skilled,1,yes,yes,bad
72,100,30,existing paid,car,2150,little,4,4,female,other,guarantor,2,no known property,24,bank,own,1,skilled,1,none,yes,bad
87,100,36,no credits/all paid,devices,3804,little,4,4,female,other,none,1,car,42,none,own,1,skilled,1,yes,yes,bad
655,0,18,existing paid,accessory,2473,little,unemployed,4,male,single,none,1,car,25,none,own,1,unemp/unskilled non res,1,none,yes,bad
788,0,15,existing paid,devices,1979,none,8,4,male,single,none,2,car,35,none,own,1,skilled,1,none,yes,good
145,0,18,no credits/all paid,accessory,3114,little,0,1,female,other,none,4,life insurance,26,none,rent,1,skilled,1,none,yes,bad
223,100,6,all paid,education,433,>=1000,0,4,female,other,none,2,life insurance,24,bank,rent,1,skilled,2,none,yes,bad
498,0,42,existing paid,devices,3965,little,0,4,male,single,none,3,car,34,none,own,1,skilled,1,none,yes,bad
49,0,18,critical,car,1055,little,0,4,female,other,none,1,life insurance,30,none,own,2,skilled,1,none,yes,good
810,0,48,existing paid,devices,10222,none,7,4,male,single,none,3,car,37,stores,own,1,skilled,1,yes,yes,good
692,0,12,existing paid,car,1884,little,8,4,male,single,none,4,car,39,none,own,1,high qualif,1,yes,yes,good
392,0,18,delayed previously,devices,2320,little,unemployed,2,male,widow,none,3,real estate,34,none,own,2,skilled,1,none,yes,good
261,0,18,critical,car,3966,little,8,1,female,other,none,4,real estate,33,bank,rent,3,skilled,1,yes,yes,bad
523,0,12,critical,car,2121,little,4,4,male,single,none,2,life insurance,30,none,own,2,skilled,1,none,yes,good
869,0,21,critical,car,12680,none,8,4,male,single,none,4,no known property,30,none,for free,1,high qualif,1,yes,yes,bad
386,100,9,existing paid,car,276,little,4,4,male,widow,none,4,real estate,22,none,rent,1,unskilled,1,none,yes,good
625,0,10,critical,car,1038,little,7,4,male,single,co applicant,3,life insurance,49,none,own,2,skilled,1,yes,yes,good
836,0,18,critical,devices,1800,little,4,4,male,single,none,2,car,24,none,own,2,skilled,1,none,yes,good
537,0,6,existing paid,devices,1346,moderate,8,2,male,single,none,4,no known property,42,bank,for free,1,skilled,2,yes,yes,good
960,0,24,existing paid,accessory,1747,little,0,4,male,single,co applicant,1,life insurance,24,none,own,1,unskilled,1,none,no,good
339,100,36,critical,car,2820,little,0,4,male,single,none,4,car,27,none,own,2,skilled,1,none,yes,bad
948,0,12,existing paid,devices,1107,little,4,2,male,single,none,2,real estate,20,none,rent,1,high qualif,2,yes,yes,good
929,0,36,existing paid,devices,3595,little,8,4,male,single,none,2,car,28,none,own,1,skilled,1,none,yes,good
974,300,30,critical,devices,3656,none,8,4,male,single,none,4,life insurance,49,stores,own,2,unskilled,1,none,yes,good
759,100,18,critical,accessory,1928,little,0,2,male,single,none,2,real estate,31,none,own,2,unskilled,1,none,yes,bad
594,0,48,no credits/all paid,car,4605,little,8,3,male,single,none,4,no known property,24,none,for free,2,skilled,2,none,yes,bad
225,100,9,existing paid,devices,790,rich,4,4,female,other,none,3,real estate,66,none,own,1,unskilled,1,none,yes,good
82,100,12,existing paid,devices,1092,little,4,4,female,other,guarantor,4,real estate,49,none,own,2,skilled,1,yes,yes,good
452,0,6,critical,devices,1169,none,8,4,male,single,none,4,real estate,67,none,own,2,skilled,1,yes,yes,good
578,0,12,existing paid,devices,707,little,4,4,male,single,none,2,real estate,30,bank,own,2,skilled,1,none,yes,good
108,0,18,existing paid,accessory,3650,little,0,1,female,other,none,4,car,22,none,rent,1,skilled,1,none,yes,good
879,100,12,no credits/all paid,retraining,1410,little,4,2,male,single,none,2,real estate,31,none,own,1,unskilled,1,yes,yes,good
481,0,11,critical,car,7228,little,4,1,male,single,none,4,life insurance,39,none,own,2,unskilled,1,none,yes,good
109,100,18,existing paid,accessory,3001,little,7,2,female,other,none,4,real estate,40,none,rent,1,skilled,1,none,yes,good
115,0,22,existing paid,car,1283,none,7,4,female,other,none,4,life insurance,25,none,rent,1,skilled,1,none,yes,good
600,100,9,existing paid,accessory,2030,none,7,2,male,single,none,1,car,24,none,own,1,skilled,1,yes,yes,good
38,0,12,critical,car,3499,little,4,3,female,other,co applicant,2,real estate,29,none,own,2,skilled,1,none,yes,bad
349,0,36,existing paid,other,15857,little,unemployed,2,male,single,co applicant,3,car,43,none,own,1,high qualif,1,none,yes,good
949,0,21,existing paid,car,3763,none,7,2,male,single,co applicant,2,real estate,24,none,own,1,unskilled,1,none,no,good
697,0,12,no credits/all paid,accessory,2759,little,8,2,male,single,none,4,life insurance,34,none,own,2,skilled,1,none,yes,good
525,100,12,critical,car,1860,little,unemployed,4,male,single,none,2,car,34,none,own,2,high qualif,1,yes,yes,good
309,0,12,existing paid,accessory,1736,little,7,3,female,other,none,4,real estate,31,none,own,1,unskilled,1,none,yes,good
387,100,12,existing paid,car,685,little,7,2,male,widow,none,3,car,25,bank,own,1,unskilled,1,none,yes,bad
527,0,15,existing paid,accessory,2708,little,0,2,male,single,none,3,life insurance,27,bank,own,2,unskilled,1,none,yes,good
906,0,36,existing paid,accessory,5179,little,7,4,male,single,none,2,life insurance,29,none,own,1,skilled,1,none,yes,bad
903,0,45,no credits/all paid,business,11816,little,8,2,male,single,none,4,car,29,none,rent,2,skilled,1,none,yes,bad
709,0,24,delayed previously,car,4679,little,7,3,male,single,none,3,car,35,none,own,2,unskilled,1,yes,yes,good
992,100,24,critical,devices,1743,little,8,4,male,single,none,2,life insurance,48,none,own,2,unskilled,1,none,yes,good
21,0,24,existing paid,devices,5943,none,0,1,female,other,none,1,car,44,none,own,2,skilled,1,yes,yes,bad
478,0,30,existing paid,devices,2333,rich,8,4,male,single,none,2,car,30,bank,own,1,high qualif,1,none,yes,good
367,100,30,existing paid,accessory,3832,little,0,2,male,widow,none,1,life insurance,22,none,own,1,skilled,1,none,yes,good
483,100,27,delayed previously,car,5965,little,8,1,male,single,none,2,car,30,none,own,2,high qualif,1,yes,yes,good
13,0,36,critical,devices,9566,little,4,2,female,other,none,2,car,31,stores,own,2,skilled,1,none,yes,good
18,0,36,existing paid,devices,2394,none,4,4,female,other,none,4,car,25,none,own,1,skilled,1,none,yes,good
529,0,27,delayed previously,car,8613,>=1000,4,2,male,single,none,2,car,27,none,own,2,skilled,1,none,yes,good
741,0,48,no credits/all paid,accessory,7119,little,4,3,male,single,none,4,no known property,53,none,for free,2,skilled,2,none,yes,bad
670,0,9,critical,accessory,2406,little,unemployed,2,male,single,none,3,car,31,none,own,1,high qualif,1,none,yes,good
969,0,4,critical,car,1455,little,7,2,male,single,none,1,real estate,42,none,own,3,unskilled,2,none,yes,good
727,0,36,existing paid,car,5493,little,8,2,male,single,none,4,no known property,42,none,for free,1,skilled,2,none,yes,good
88,0,30,existing paid,car,4811,none,7,2,female,other,none,4,life insurance,24,stores,rent,1,unskilled,1,none,yes,good
43,100,36,existing paid,devices,4795,little,0,4,female,other,none,1,no known property,30,none,own,1,high qualif,1,yes,yes,good
971,0,12,existing paid,car,2859,none,unemployed,4,male,single,none,4,no known property,38,none,own,1,high qualif,1,yes,yes,good
913,0,12,existing paid,devices,709,little,8,4,male,single,none,4,real estate,57,stores,own,1,unskilled,1,none,yes,bad
967,0,10,existing paid,car,1546,little,4,3,male,single,none,2,real estate,31,none,own,1,unskilled,2,none,no,good
894,0,36,critical,car,9629,little,7,4,male,single,none,4,car,24,none,own,2,skilled,1,yes,yes,bad
656,0,12,existing paid,business,1542,little,7,2,male,single,none,4,car,36,none,own,1,skilled,1,yes,yes,good
735,300,15,existing paid,business,2687,little,7,2,male,single,none,4,life insurance,26,none,rent,1,skilled,1,yes,yes,good
